customerID,gender,SeniorCitizen,Partner,Dependents,tenure,PhoneService,MultipleLines,InternetService,OnlineSecurity,OnlineBackup,DeviceProtection,TechSupport,StreamingTV,StreamingMovies,Contract,PaperlessBilling,PaymentMethod,MonthlyCharges,TotalCharges,Churn
1360-JYXKQ,Female,1,Yes,No,54,Yes,No,Fiber optic,No,No,Yes,Yes,Yes,Yes,One year,Yes,Electronic check,99.1,5437.1,No
1194-SPVSP,Male,0,No,No,1,Yes,No,No,No internet service,No internet service,No internet service,No internet service,No internet service,No internet service,Month-to-month,No,Bank transfer (automatic),19.65,19.65,No
7515-LODFU,Male,1,No,No,69,Yes,No,No,No internet service,No internet service,No internet service,No internet service,No internet service,No internet service,Two year,No,Credit card (automatic),20.3,1356.3,No
9300-RENDD,Male,0,No,No,1,Yes,No,Fiber optic,No,No,No,No,Yes,No,Month-to-month,Yes,Electronic check,79.95,79.95,Yes
6869-FGJJC,Male,0,No,No,68,Yes,No,Fiber optic,No,Yes,Yes,No,No,No,One year,No,Credit card (automatic),79.6,5461.45,No
0804-XBFBV,Female,0,No,Yes,11,No,No phone service,DSL,No,No,No,No,No,No,Month-to-month,No,Electronic check,25.2,321.05,No
4576-CSAJH,Male,0,No,No,22,Yes,No,DSL,No,Yes,No,Yes,No,No,One year,Yes,Credit card (automatic),55.15,1193.05,No
1194-SPVSP,Male,0,No,No,1,Yes,No,No,No internet service,No internet service,No internet service,No internet service,No internet service,No internet service,Month-to-month,No,Bank transfer (automatic),19.65,19.65,No
7284-ZZLOH,Male,0,Yes,No,45,Yes,No,DSL,Yes,No,Yes,No,No,No,Two year,No,Credit card (automatic),53.3,2296.25,No
5397-NSKQG,Male,0,Yes,Yes,67,No,No phone service,DSL,Yes,No,No,No,Yes,Yes,Two year,No,Credit card (automatic),50.9,3281.65,No
2169-RRLFW,Female,0,Yes,No,71,Yes,Yes,No,No internet service,No internet service,No internet service,No internet service,No internet service,No internet service,Two year,No,Credit card (automatic),25.6,1888.25,No
0221-WMXNQ,Male,1,No,No,4,Yes,No,Fiber optic,Yes,No,No,No,No,No,Month-to-month,No,Electronic check,75.35,273.4,Yes
7969-FFOWG,Male,0,Yes,Yes,65,Yes,No,No,No internet service,No internet service,No internet service,No internet service,No internet service,No internet service,Two year,No,Mailed check,19.9,1292.6,No
6818-WOBHJ,Female,1,Yes,No,68,Yes,Yes,Fiber optic,No,Yes,No,No,No,Yes,Month-to-month,Yes,Bank transfer (automatic),89.6,6127.6,Yes
6518-PPLMZ,Male,0,Yes,Yes,53,Yes,No,No,No internet service,No internet service,No internet service,No internet service,No internet service,No internet service,Two year,Yes,Mailed check,19.4,1110.35,No
9880-TDQAC,Female,0,Yes,Yes,72,No,No phone service,DSL,No,Yes,Yes,Yes,Yes,Yes,Two year,Yes,Electronic check,60.0,4264.0,No
8970-ANWXO,Female,0,No,No,23,Yes,Yes,DSL,No,No,No,Yes,Yes,Yes,One year,Yes,Mailed check,73.75,1756.6,No
0201-MIBOL,Female,1,No,No,66,Yes,Yes,Fiber optic,Yes,No,No,No,Yes,Yes,Two year,Yes,Bank transfer (automatic),102.4,6471.85,No
3908-MKIMJ,Male,1,Yes,No,68,No,No phone service,DSL,Yes,Yes,Yes,No,No,No,Two year,Yes,Electronic check,41.95,2965.75,No
9835-ZIITK,Male,1,Yes,No,66,Yes,Yes,Fiber optic,No,Yes,Yes,Yes,Yes,Yes,One year,Yes,Electronic check,110.85,7491.75,No
5960-MVTUK,Male,0,No,No,3,No,No phone service,DSL,No,No,No,Yes,No,No,Month-to-month,Yes,Electronic check,29.75,96.85,No
6772-WFQRD,Male,0,No,Yes,40,Yes,No,No,No internet service,No internet service,No internet service,No internet service,No internet service,No internet service,One year,Yes,Bank transfer (automatic),20.4,854.9,No
9170-ARBTB,Female,0,Yes,Yes,52,Yes,No,No,No internet service,No internet service,No internet service,No internet service,No internet service,No internet service,One year,No,Credit card (automatic),19.6,1012.4,No
0201-MIBOL,Female,1,No,No,66,Yes,Yes,Fiber optic,Yes,No,No,No,Yes,Yes,Two year,Yes,Bank transfer (automatic),102.4,6471.85,No
5787-KXGIY,Male,0,Yes,No,72,Yes,No,No,No internet service,No internet service,No internet service,No internet service,No internet service,No internet service,Two year,No,Credit card (automatic),19.3,1304.8,No
9129-UXERG,Female,1,No,No,18,Yes,Yes,Fiber optic,No,Yes,No,Yes,Yes,Yes,Month-to-month,Yes,Credit card (automatic),103.6,1806.35,No
7024-OHCCK,Female,1,No,No,2,Yes,Yes,Fiber optic,No,No,No,No,Yes,Yes,Month-to-month,Yes,Electronic check,93.85,170.85,Yes
4374-YMUSQ,Male,0,No,No,34,Yes,Yes,Fiber optic,Yes,Yes,Yes,Yes,Yes,Yes,One year,No,Credit card (automatic),116.25,3899.05,No
6518-PPLMZ,Male,0,Yes,Yes,53,Yes,No,No,No internet service,No internet service,No internet service,No internet service,No internet service,No internet service,Two year,Yes,Mailed check,19.4,1110.35,No
5451-YHYPW,Female,1,Yes,No,72,Yes,Yes,Fiber optic,Yes,Yes,Yes,Yes,Yes,Yes,Two year,Yes,Credit card (automatic),115.75,8443.7,No
0016-QLJIS,Female,0,Yes,Yes,65,Yes,Yes,DSL,Yes,Yes,Yes,Yes,Yes,Yes,Two year,Yes,Mailed check,90.45,5957.9,No
2700-LUEVA,Male,0,No,No,1,Yes,No,No,No internet service,No internet service,No internet service,No internet service,No internet service,No internet service,Month-to-month,No,Credit card (automatic),20.75,20.75,No
7998-ZLXWN,Female,0,Yes,No,15,Yes,No,No,No internet service,No internet service,No internet service,No internet service,No internet service,No internet service,Month-to-month,No,Credit card (automatic),20.45,330.8,No
9424-CMPOG,Male,0,Yes,Yes,9,Yes,No,No,No internet service,No internet service,No internet service,No internet service,No internet service,No internet service,Two year,No,Mailed check,19.6,197.4,No
1839-FBNFR,Female,0,Yes,Yes,39,Yes,No,No,No internet service,No internet service,No internet service,No internet service,No internet service,No internet service,Two year,Yes,Bank transfer (automatic),19.85,854.8,No
0883-EIBTI,Female,0,No,No,2,Yes,No,No,No internet service,No internet service,No internet service,No internet service,No internet service,No internet service,Month-to-month,No,Mailed check,19.5,31.55,No
3712-PKXZA,Male,0,Yes,No,61,Yes,No,No,No internet service,No internet service,No internet service,No internet service,No internet service,No internet service,One year,Yes,Credit card (automatic),20.55,1252.0,No
8713-IGZSO,Male,0,No,No,2,Yes,Yes,No,No internet service,No internet service,No internet service,No internet service,No internet service,No internet service,Month-to-month,No,Mailed check,24.85,62.0,No
4376-KFVRS,Male,0,Yes,Yes,72,Yes,Yes,Fiber optic,Yes,Yes,Yes,Yes,Yes,Yes,Two year,Yes,Credit card (automatic),114.05,8468.2,No
9702-AIUJO,Male,0,Yes,Yes,50,Yes,No,DSL,No,No,No,No,No,No,One year,Yes,Bank transfer (automatic),44.8,2230.85,No
5569-KGJHX,Female,0,Yes,Yes,9,Yes,Yes,Fiber optic,No,No,No,No,Yes,No,Month-to-month,Yes,Bank transfer (automatic),85.35,754.65,No
3528-HFRIQ,Male,1,Yes,No,71,No,No phone service,DSL,No,Yes,Yes,No,Yes,Yes,Month-to-month,Yes,Bank transfer (automatic),52.3,3765.05,No
5787-KXGIY,Male,0,Yes,No,72,Yes,No,No,No internet service,No internet service,No internet service,No internet service,No internet service,No internet service,Two year,No,Credit card (automatic),19.3,1304.8,No
6481-OGDOO,Male,0,Yes,No,67,Yes,No,Fiber optic,Yes,Yes,No,No,No,Yes,One year,Yes,Credit card (automatic),90.6,6056.15,No
6941-PMGEP,Female,0,No,No,5,Yes,No,Fiber optic,No,No,No,No,No,Yes,Month-to-month,Yes,Electronic check,80.0,412.5,Yes
1755-FZQEC,Male,0,No,No,39,Yes,No,No,No internet service,No internet service,No internet service,No internet service,No internet service,No internet service,One year,No,Mailed check,19.9,791.15,No
5138-WVKYJ,Male,0,No,No,10,Yes,Yes,Fiber optic,Yes,No,No,No,Yes,Yes,Month-to-month,No,Electronic check,98.55,1008.55,No
0221-WMXNQ,Male,1,No,No,4,Yes,No,Fiber optic,Yes,No,No,No,No,No,Month-to-month,No,Electronic check,75.35,273.4,No
2696-NARTR,Male,0,No,No,11,Yes,No,Fiber optic,No,No,No,Yes,No,No,Month-to-month,Yes,Electronic check,73.85,926.25,No
6500-JVEGC,Male,0,No,No,68,Yes,Yes,Fiber optic,Yes,Yes,Yes,No,Yes,No,One year,No,Bank transfer (automatic),101.35,7110.75,No
5868-YTYKS,Male,0,No,Yes,1,Yes,No,No,No internet service,No internet service,No internet service,No internet service,No internet service,No internet service,Month-to-month,Yes,Mailed check,20.25,20.25,No
7998-ZLXWN,Female,0,Yes,No,15,Yes,No,No,No internet service,No internet service,No internet service,No internet service,No internet service,No internet service,Month-to-month,No,Credit card (automatic),20.45,330.8,No
5451-YHYPW,Female,1,Yes,No,72,Yes,Yes,Fiber optic,Yes,Yes,Yes,Yes,Yes,Yes,Two year,Yes,Credit card (automatic),115.75,8443.7,No
3528-HFRIQ,Male,1,Yes,No,71,No,No phone service,DSL,No,Yes,Yes,No,Yes,Yes,Month-to-month,Yes,Bank transfer (automatic),52.3,3765.05,No
3887-PBQAO,Female,0,Yes,Yes,45,Yes,Yes,No,No internet service,No internet service,No internet service,No internet service,No internet service,No internet service,One year,Yes,Credit card (automatic),25.9,1216.6,No
9424-CMPOG,Male,0,Yes,Yes,9,Yes,No,No,No internet service,No internet service,No internet service,No internet service,No internet service,No internet service,Two year,No,Mailed check,19.6,197.4,No
7696-AMHOD,Female,0,Yes,Yes,49,Yes,No,DSL,No,Yes,Yes,No,Yes,Yes,One year,No,Credit card (automatic),78.0,3824.2,No
5787-KXGIY,Male,0,Yes,No,72,Yes,No,No,No internet service,No internet service,No internet service,No internet service,No internet service,No internet service,Two year,No,Credit card (automatic),19.3,1304.8,No
5171-EPLKN,Male,0,No,No,27,Yes,No,No,No internet service,No internet service,No internet service,No internet service,No internet service,No internet service,Two year,No,Credit card (automatic),19.85,470.0,No
4003-FUSHP,Male,0,No,No,19,Yes,No,DSL,No,No,No,Yes,Yes,No,Month-to-month,Yes,Credit card (automatic),61.55,1093.2,No
7998-ZLXWN,Female,0,Yes,No,15,Yes,No,No,No internet service,No internet service,No internet service,No internet service,No internet service,No internet service,Month-to-month,No,Credit card (automatic),20.45,330.8,No
7750-EYXWZ,Female,0,No,No,12,No,No phone service,DSL,No,Yes,Yes,Yes,Yes,Yes,One year,No,Electronic check,60.65,743.3,No
1755-FZQEC,Male,0,No,No,39,Yes,No,No,No internet service,No internet service,No internet service,No internet service,No internet service,No internet service,One year,No,Mailed check,19.9,791.15,No
4607-CHPCA,Male,0,Yes,Yes,25,Yes,No,Fiber optic,No,No,No,No,Yes,Yes,One year,Yes,Electronic check,90.4,2178.6,No
5195-KPUNQ,Female,1,No,No,53,Yes,No,Fiber optic,Yes,Yes,No,Yes,No,Yes,One year,Yes,Mailed check,96.75,5206.55,No
4323-ELYYB,Male,0,Yes,Yes,13,Yes,No,No,No internet service,No internet service,No internet service,No internet service,No internet service,No internet service,One year,No,Mailed check,20.0,218.55,No
9950-MTGYX,Male,0,Yes,Yes,28,Yes,No,No,No internet service,No internet service,No internet service,No internet service,No internet service,No internet service,Two year,Yes,Credit card (automatic),20.3,487.95,No
6813-GZQCG,Female,0,Yes,Yes,45,Yes,Yes,No,No internet service,No internet service,No internet service,No internet service,No internet service,No internet service,Two year,Yes,Credit card (automatic),24.65,1171.3,No
9170-ARBTB,Female,0,Yes,Yes,52,Yes,No,No,No internet service,No internet service,No internet service,No internet service,No internet service,No internet service,One year,No,Credit card (automatic),19.6,1012.4,No
3779-OSWCF,Female,0,Yes,No,71,Yes,Yes,DSL,Yes,Yes,Yes,Yes,Yes,Yes,Two year,No,Credit card (automatic),93.2,6506.15,No
2293-IJWPS,Female,0,Yes,No,57,Yes,Yes,Fiber optic,No,No,Yes,No,Yes,Yes,One year,Yes,Credit card (automatic),100.75,5985.0,No
7176-WIONM,Female,0,Yes,No,12,No,No phone service,DSL,No,No,Yes,No,Yes,Yes,Month-to-month,Yes,Bank transfer (automatic),49.85,617.15,No
3096-YXENJ,Female,0,Yes,No,65,Yes,Yes,Fiber optic,No,Yes,Yes,Yes,Yes,Yes,Two year,Yes,Bank transfer (automatic),107.65,7082.85,No
9174-FKWZE,Female,1,No,No,1,Yes,No,No,No internet service,No internet service,No internet service,No internet service,No internet service,No internet service,Month-to-month,Yes,Electronic check,19.45,19.45,Yes
7629-WFGLW,Female,1,Yes,No,56,Yes,Yes,Fiber optic,Yes,Yes,Yes,Yes,No,No,One year,No,Electronic check,95.65,5471.75,No
9950-MTGYX,Male,0,Yes,Yes,28,Yes,No,No,No internet service,No internet service,No internet service,No internet service,No internet service,No internet service,Two year,Yes,Credit card (automatic),20.3,487.95,No
4003-FUSHP,Male,0,No,No,19,Yes,No,DSL,No,No,No,Yes,Yes,No,Month-to-month,Yes,Credit card (automatic),61.55,1093.2,No
0804-XBFBV,Female,0,No,Yes,11,No,No phone service,DSL,No,No,No,No,No,No,Month-to-month,No,Electronic check,25.2,321.05,No
7515-LODFU,Male,1,No,No,69,Yes,No,No,No internet service,No internet service,No internet service,No internet service,No internet service,No internet service,Two year,No,Credit card (automatic),20.3,1356.3,No
5177-RVZNU,Female,0,No,Yes,37,Yes,No,No,No internet service,No internet service,No internet service,No internet service,No internet service,No internet service,One year,No,Bank transfer (automatic),20.3,755.4,No
4355-CVPVS,Female,0,Yes,Yes,56,Yes,No,Fiber optic,No,No,No,No,Yes,Yes,One year,No,Bank transfer (automatic),88.9,4968.0,No
2169-RRLFW,Female,0,Yes,No,71,Yes,Yes,No,No internet service,No internet service,No internet service,No internet service,No internet service,No internet service,Two year,No,Credit card (automatic),25.6,1888.25,No
3387-PLKUI,Female,0,Yes,Yes,13,Yes,No,No,No internet service,No internet service,No internet service,No internet service,No internet service,No internet service,Month-to-month,No,Mailed check,18.8,251.25,No
3779-OSWCF,Female,0,Yes,No,71,Yes,Yes,DSL,Yes,Yes,Yes,Yes,Yes,Yes,Two year,No,Credit card (automatic),93.2,6506.15,No
7515-LODFU,Male,1,No,No,69,Yes,No,No,No internet service,No internet service,No internet service,No internet service,No internet service,No internet service,Two year,No,Credit card (automatic),20.3,1356.3,No
6818-WOBHJ,Female,1,Yes,No,68,Yes,Yes,Fiber optic,No,Yes,No,No,No,Yes,Month-to-month,Yes,Bank transfer (automatic),89.6,6127.6,No
9251-AWQGT,Female,0,Yes,Yes,48,Yes,No,No,No internet service,No internet service,No internet service,No internet service,No internet service,No internet service,Two year,No,Mailed check,20.0,935.9,No
7026-YMSBE,Male,0,No,No,30,Yes,No,No,No internet service,No internet service,No internet service,No internet service,No internet service,No internet service,One year,No,Mailed check,19.7,625.05,No
2700-LUEVA,Male,0,No,No,1,Yes,No,No,No internet service,No internet service,No internet service,No internet service,No internet service,No internet service,Month-to-month,No,Credit card (automatic),20.75,20.75,No
9251-AWQGT,Female,0,Yes,Yes,48,Yes,No,No,No internet service,No internet service,No internet service,No internet service,No internet service,No internet service,Two year,No,Mailed check,20.0,935.9,No
4576-CSAJH,Male,0,No,No,22,Yes,No,DSL,No,Yes,No,Yes,No,No,One year,Yes,Credit card (automatic),55.15,1193.05,No
6736-DHUQI,Female,0,Yes,Yes,67,Yes,No,Fiber optic,Yes,Yes,Yes,No,No,No,One year,No,Bank transfer (automatic),84.8,5598.3,No
4576-CSAJH,Male,0,No,No,22,Yes,No,DSL,No,Yes,No,Yes,No,No,One year,Yes,Credit card (automatic),55.15,1193.05,No
3528-HFRIQ,Male,1,Yes,No,71,No,No phone service,DSL,No,Yes,Yes,No,Yes,Yes,Month-to-month,Yes,Bank transfer (automatic),52.3,3765.05,No
6010-DDPPW,Male,0,Yes,No,70,Yes,Yes,No,No internet service,No internet service,No internet service,No internet service,No internet service,No internet service,Two year,No,Bank transfer (automatic),25.15,1940.85,No
7711-YIJWC,Male,0,Yes,Yes,61,Yes,No,DSL,Yes,Yes,Yes,Yes,Yes,Yes,One year,No,Bank transfer (automatic),84.9,5264.5,No
4374-YMUSQ,Male,0,No,No,34,Yes,Yes,Fiber optic,Yes,Yes,Yes,Yes,Yes,Yes,One year,No,Credit card (automatic),116.25,3899.05,No
9392-XBGTD,Male,0,No,Yes,27,Yes,No,No,No internet service,No internet service,No internet service,No internet service,No internet service,No internet service,Two year,No,Mailed check,20.6,581.85,No
5546-BYZSM,Female,0,No,No,41,Yes,No,No,No internet service,No internet service,No internet service,No internet service,No internet service,No internet service,Month-to-month,No,Electronic check,20.45,775.6,No
7325-ENZFI,Female,0,No,No,39,No,No phone service,DSL,Yes,Yes,No,Yes,No,No,One year,Yes,Bank transfer (automatic),40.3,1630.4,No
5569-KGJHX,Female,0,Yes,Yes,9,Yes,Yes,Fiber optic,No,No,No,No,Yes,No,Month-to-month,Yes,Bank transfer (automatic),85.35,754.65,No
0221-WMXNQ,Male,1,No,No,4,Yes,No,Fiber optic,Yes,No,No,No,No,No,Month-to-month,No,Electronic check,75.35,273.4,No
3620-EHIMZ,Female,0,Yes,Yes,52,Yes,No,No,No internet service,No internet service,No internet service,No internet service,No internet service,No internet service,Two year,No,Mailed check,19.35,1031.7,No
1755-FZQEC,Male,0,No,No,39,Yes,No,No,No internet service,No internet service,No internet service,No internet service,No internet service,No internet service,One year,No,Mailed check,19.9,791.15,No
5787-KXGIY,Male,0,Yes,No,72,Yes,No,No,No internet service,No internet service,No internet service,No internet service,No internet service,No internet service,Two year,No,Credit card (automatic),19.3,1304.8,No
0201-MIBOL,Female,1,No,No,66,Yes,Yes,Fiber optic,Yes,No,No,No,Yes,Yes,Two year,Yes,Bank transfer (automatic),102.4,6471.85,No
6500-JVEGC,Male,0,No,No,68,Yes,Yes,Fiber optic,Yes,Yes,Yes,No,Yes,No,One year,No,Bank transfer (automatic),101.35,7110.75,No
6772-WFQRD,Male,0,No,Yes,40,Yes,No,No,No internet service,No internet service,No internet service,No internet service,No internet service,No internet service,One year,Yes,Bank transfer (automatic),20.4,854.9,No
6818-WOBHJ,Female,1,Yes,No,68,Yes,Yes,Fiber optic,No,Yes,No,No,No,Yes,Month-to-month,Yes,Bank transfer (automatic),89.6,6127.6,No
0870-VEMYL,Female,0,No,No,5,Yes,No,DSL,Yes,No,No,Yes,No,No,Month-to-month,No,Credit card (automatic),53.85,259.8,No
9170-ARBTB,Female,0,Yes,Yes,52,Yes,No,No,No internet service,No internet service,No internet service,No internet service,No internet service,No internet service,One year,No,Credit card (automatic),19.6,1012.4,No
2696-NARTR,Male,0,No,No,11,Yes,No,Fiber optic,No,No,No,Yes,No,No,Month-to-month,Yes,Electronic check,73.85,926.25,No
9170-ARBTB,Female,0,Yes,Yes,52,Yes,No,No,No internet service,No internet service,No internet service,No internet service,No internet service,No internet service,One year,No,Credit card (automatic),19.6,1012.4,No
4576-CSAJH,Male,0,No,No,22,Yes,No,DSL,No,Yes,No,Yes,No,No,One year,Yes,Credit card (automatic),55.15,1193.05,No
4770-QAZXN,Female,0,No,No,13,Yes,No,No,No internet service,No internet service,No internet service,No internet service,No internet service,No internet service,Month-to-month,No,Credit card (automatic),19.45,232.1,No
4003-FUSHP,Male,0,No,No,19,Yes,No,DSL,No,No,No,Yes,Yes,No,Month-to-month,Yes,Credit card (automatic),61.55,1093.2,No
2320-SLKMB,Female,0,No,No,26,No,No phone service,DSL,No,No,Yes,Yes,Yes,No,Month-to-month,Yes,Credit card (automatic),44.45,1183.8,No
5868-YTYKS,Male,0,No,Yes,1,Yes,No,No,No internet service,No internet service,No internet service,No internet service,No internet service,No internet service,Month-to-month,Yes,Mailed check,20.25,20.25,No
3779-OSWCF,Female,0,Yes,No,71,Yes,Yes,DSL,Yes,Yes,Yes,Yes,Yes,Yes,Two year,No,Credit card (automatic),93.2,6506.15,No
2535-PBCGC,Female,0,Yes,No,70,No,No phone service,DSL,Yes,Yes,Yes,Yes,Yes,Yes,Two year,No,Bank transfer (automatic),64.55,4504.9,No
7103-ZGVNT,Female,0,Yes,Yes,69,Yes,Yes,DSL,Yes,Yes,No,Yes,Yes,No,One year,No,Credit card (automatic),73.7,4885.85,No
0689-DSXGL,Female,0,Yes,Yes,52,Yes,No,Fiber optic,No,Yes,Yes,Yes,No,No,Month-to-month,No,Bank transfer (automatic),85.8,4433.3,No
7515-LODFU,Male,1,No,No,69,Yes,No,No,No internet service,No internet service,No internet service,No internet service,No internet service,No internet service,Two year,No,Credit card (automatic),20.3,1356.3,No
9129-UXERG,Female,1,No,No,18,Yes,Yes,Fiber optic,No,Yes,No,Yes,Yes,Yes,Month-to-month,Yes,Credit card (automatic),103.6,1806.35,No
0221-WMXNQ,Male,1,No,No,4,Yes,No,Fiber optic,Yes,No,No,No,No,No,Month-to-month,No,Electronic check,75.35,273.4,No
1360-RCYRT,Male,0,Yes,Yes,23,No,No phone service,DSL,No,No,No,Yes,No,No,Month-to-month,Yes,Bank transfer (automatic),30.35,678.75,No
4576-CSAJH,Male,0,No,No,22,Yes,No,DSL,No,Yes,No,Yes,No,No,One year,Yes,Credit card (automatic),55.15,1193.05,No
6869-FGJJC,Male,0,No,No,68,Yes,No,Fiber optic,No,Yes,Yes,No,No,No,One year,No,Credit card (automatic),79.6,5461.45,No
6010-DDPPW,Male,0,Yes,No,70,Yes,Yes,No,No internet service,No internet service,No internet service,No internet service,No internet service,No internet service,Two year,No,Bank transfer (automatic),25.15,1940.85,No
2160-GPFXD,Male,0,Yes,Yes,54,Yes,Yes,DSL,Yes,Yes,No,Yes,No,No,Two year,Yes,Credit card (automatic),65.65,3566.7,No
1839-FBNFR,Female,0,Yes,Yes,39,Yes,No,No,No internet service,No internet service,No internet service,No internet service,No internet service,No internet service,Two year,Yes,Bank transfer (automatic),19.85,854.8,No
2878-RMWXY,Male,1,Yes,No,72,Yes,Yes,Fiber optic,Yes,Yes,Yes,No,No,Yes,Two year,Yes,Credit card (automatic),102.65,7550.3,No
7969-AULMZ,Female,0,No,No,21,Yes,Yes,Fiber optic,No,No,No,No,Yes,Yes,Month-to-month,Yes,Electronic check,97.35,2119.5,Yes
1624-WOIWJ,Female,0,No,No,10,Yes,No,Fiber optic,Yes,No,No,No,Yes,No,Month-to-month,Yes,Mailed check,84.7,832.05,No
5787-KXGIY,Male,0,Yes,No,72,Yes,No,No,No internet service,No internet service,No internet service,No internet service,No internet service,No internet service,Two year,No,Credit card (automatic),19.3,1304.8,No
3662-FXJFO,Female,0,No,No,54,Yes,No,No,No internet service,No internet service,No internet service,No internet service,No internet service,No internet service,Two year,Yes,Mailed check,20.5,1035.7,No
0804-XBFBV,Female,0,No,Yes,11,No,No phone service,DSL,No,No,No,No,No,No,Month-to-month,No,Electronic check,25.2,321.05,No
9337-SRRNI,Male,0,No,Yes,66,Yes,Yes,No,No internet service,No internet service,No internet service,No internet service,No internet service,No internet service,Two year,Yes,Credit card (automatic),25.3,1673.8,No
7998-ZLXWN,Female,0,Yes,No,15,Yes,No,No,No internet service,No internet service,No internet service,No internet service,No internet service,No internet service,Month-to-month,No,Credit card (automatic),20.45,330.8,No
9880-TDQAC,Female,0,Yes,Yes,72,No,No phone service,DSL,No,Yes,Yes,Yes,Yes,Yes,Two year,Yes,Electronic check,60.0,4264.0,No
5574-NXZIU,Male,0,No,No,63,Yes,No,Fiber optic,Yes,Yes,Yes,Yes,Yes,Yes,Two year,No,Credit card (automatic),109.2,7049.75,No
3528-HFRIQ,Male,1,Yes,No,71,No,No phone service,DSL,No,Yes,Yes,No,Yes,Yes,Month-to-month,Yes,Bank transfer (automatic),52.3,3765.05,No
0201-MIBOL,Female,1,No,No,66,Yes,Yes,Fiber optic,Yes,No,No,No,Yes,Yes,Two year,Yes,Bank transfer (automatic),102.4,6471.85,No
4210-QFJMF,Female,0,No,No,4,Yes,No,Fiber optic,No,No,No,No,No,Yes,Month-to-month,Yes,Electronic check,79.15,317.25,No
0804-XBFBV,Female,0,No,Yes,11,No,No phone service,DSL,No,No,No,No,No,No,Month-to-month,No,Electronic check,25.2,321.05,No
3985-HOYPM,Male,0,No,No,26,Yes,No,No,No internet service,No internet service,No internet service,No internet service,No internet service,No internet service,One year,No,Mailed check,19.4,525.55,No
2160-GPFXD,Male,0,Yes,Yes,54,Yes,Yes,DSL,Yes,Yes,No,Yes,No,No,Two year,Yes,Credit card (automatic),65.65,3566.7,No
5451-YHYPW,Female,1,Yes,No,72,Yes,Yes,Fiber optic,Yes,Yes,Yes,Yes,Yes,Yes,Two year,Yes,Credit card (automatic),115.75,8443.7,No
0883-EIBTI,Female,0,No,No,2,Yes,No,No,No internet service,No internet service,No internet service,No internet service,No internet service,No internet service,Month-to-month,No,Mailed check,19.5,31.55,No
7808-DVWEP,Male,0,Yes,No,3,Yes,No,No,No internet service,No internet service,No internet service,No internet service,No internet service,No internet service,Month-to-month,No,Bank transfer (automatic),20.0,49.65,No
1926-QUZNN,Female,0,Yes,No,72,Yes,Yes,No,No internet service,No internet service,No internet service,No internet service,No internet service,No internet service,Two year,Yes,Bank transfer (automatic),25.25,1841.2,No
1452-XRSJV,Female,0,Yes,Yes,39,Yes,No,DSL,Yes,No,No,No,No,No,Month-to-month,No,Credit card (automatic),51.05,2066.0,No
3908-MKIMJ,Male,1,Yes,No,68,No,No phone service,DSL,Yes,Yes,Yes,No,No,No,Two year,Yes,Electronic check,41.95,2965.75,No
3806-DXQOM,Female,0,No,No,4,No,No phone service,DSL,Yes,Yes,No,No,No,No,Month-to-month,Yes,Electronic check,33.65,137.85,No
5787-KXGIY,Male,0,Yes,No,72,Yes,No,No,No internet service,No internet service,No internet service,No internet service,No internet service,No internet service,Two year,No,Credit card (automatic),19.3,1304.8,No
0804-XBFBV,Female,0,No,Yes,11,No,No phone service,DSL,No,No,No,No,No,No,Month-to-month,No,Electronic check,25.2,321.05,No
9950-MTGYX,Male,0,Yes,Yes,28,Yes,No,No,No internet service,No internet service,No internet service,No internet service,No internet service,No internet service,Two year,Yes,Credit card (automatic),20.3,487.95,No
6500-JVEGC,Male,0,No,No,68,Yes,Yes,Fiber optic,Yes,Yes,Yes,No,Yes,No,One year,No,Bank transfer (automatic),101.35,7110.75,No
3779-OSWCF,Female,0,Yes,No,71,Yes,Yes,DSL,Yes,Yes,Yes,Yes,Yes,Yes,Two year,No,Credit card (automatic),93.2,6506.15,No
6047-SUHPR,Male,0,Yes,Yes,39,Yes,No,DSL,Yes,Yes,Yes,No,No,No,One year,No,Electronic check,59.8,2343.85,No
9835-ZIITK,Male,1,Yes,No,66,Yes,Yes,Fiber optic,No,Yes,Yes,Yes,Yes,Yes,One year,Yes,Electronic check,110.85,7491.75,No
4797-AXPXK,Female,0,No,Yes,1,Yes,No,DSL,Yes,Yes,No,Yes,No,No,Month-to-month,Yes,Electronic check,60.0,60.0,No
1518-OMDIK,Male,0,Yes,No,33,Yes,No,DSL,No,No,No,No,No,No,Month-to-month,Yes,Credit card (automatic),44.55,1462.6,No
3528-HFRIQ,Male,1,Yes,No,71,No,No phone service,DSL,No,Yes,Yes,No,Yes,Yes,Month-to-month,Yes,Bank transfer (automatic),52.3,3765.05,No
5787-KXGIY,Male,0,Yes,No,72,Yes,No,No,No internet service,No internet service,No internet service,No internet service,No internet service,No internet service,Two year,No,Credit card (automatic),19.3,1304.8,No
5569-KGJHX,Female,0,Yes,Yes,9,Yes,Yes,Fiber optic,No,No,No,No,Yes,No,Month-to-month,Yes,Bank transfer (automatic),85.35,754.65,No
0841-NULXI,Male,0,No,No,1,No,No phone service,DSL,No,No,No,No,No,Yes,Month-to-month,Yes,Electronic check,35.55,35.55,No
4981-FLTMF,Female,0,Yes,Yes,57,Yes,Yes,DSL,Yes,Yes,No,Yes,No,No,Month-to-month,No,Bank transfer (automatic),65.2,3687.85,No
4576-CSAJH,Male,0,No,No,22,Yes,No,DSL,No,Yes,No,Yes,No,No,One year,Yes,Credit card (automatic),55.15,1193.05,No
2946-KIQSP,Female,0,No,No,35,No,No phone service,DSL,No,No,Yes,Yes,No,No,Month-to-month,Yes,Mailed check,33.45,1175.85,No
6481-OGDOO,Male,0,Yes,No,67,Yes,No,Fiber optic,Yes,Yes,No,No,No,Yes,One year,Yes,Credit card (automatic),90.6,6056.15,No
7026-YMSBE,Male,0,No,No,30,Yes,No,No,No internet service,No internet service,No internet service,No internet service,No internet service,No internet service,One year,No,Mailed check,19.7,625.05,No
0870-VEMYL,Female,0,No,No,5,Yes,No,DSL,Yes,No,No,Yes,No,No,Month-to-month,No,Credit card (automatic),53.85,259.8,No
7026-YMSBE,Male,0,No,No,30,Yes,No,No,No internet service,No internet service,No internet service,No internet service,No internet service,No internet service,One year,No,Mailed check,19.7,625.05,No
2320-SLKMB,Female,0,No,No,26,No,No phone service,DSL,No,No,Yes,Yes,Yes,No,Month-to-month,Yes,Credit card (automatic),44.45,1183.8,No
4210-QFJMF,Female,0,No,No,4,Yes,No,Fiber optic,No,No,No,No,No,Yes,Month-to-month,Yes,Electronic check,79.15,317.25,No
9337-SRRNI,Male,0,No,Yes,66,Yes,Yes,No,No internet service,No internet service,No internet service,No internet service,No internet service,No internet service,Two year,Yes,Credit card (automatic),25.3,1673.8,No
5569-KGJHX,Female,0,Yes,Yes,9,Yes,Yes,Fiber optic,No,No,No,No,Yes,No,Month-to-month,Yes,Bank transfer (automatic),85.35,754.65,No
3088-LHEFH,Female,0,No,No,11,Yes,Yes,Fiber optic,Yes,No,No,No,No,No,Month-to-month,Yes,Bank transfer (automatic),79.0,929.3,No
3948-KXDUF,Male,0,No,No,66,Yes,Yes,DSL,Yes,Yes,Yes,Yes,No,No,Two year,No,Bank transfer (automatic),68.75,4447.55,No
6500-JVEGC,Male,0,No,No,68,Yes,Yes,Fiber optic,Yes,Yes,Yes,No,Yes,No,One year,No,Bank transfer (automatic),101.35,7110.75,No
9950-MTGYX,Male,0,Yes,Yes,28,Yes,No,No,No internet service,No internet service,No internet service,No internet service,No internet service,No internet service,Two year,Yes,Credit card (automatic),20.3,487.95,No
1215-FIGMP,Male,0,No,No,60,Yes,Yes,Fiber optic,No,Yes,No,No,Yes,No,Month-to-month,Yes,Bank transfer (automatic),89.9,5450.7,No
2700-LUEVA,Male,0,No,No,1,Yes,No,No,No internet service,No internet service,No internet service,No internet service,No internet service,No internet service,Month-to-month,No,Credit card (automatic),20.75,20.75,No
9174-FKWZE,Female,1,No,No,1,Yes,No,No,No internet service,No internet service,No internet service,No internet service,No internet service,No internet service,Month-to-month,Yes,Electronic check,19.45,19.45,No
2569-WGERO,Female,0,No,No,72,Yes,No,No,No internet service,No internet service,No internet service,No internet service,No internet service,No internet service,Two year,Yes,Bank transfer (automatic),21.15,1419.4,No
3460-TJBWI,Male,0,Yes,Yes,24,Yes,Yes,No,No internet service,No internet service,No internet service,No internet service,No internet service,No internet service,Two year,No,Mailed check,24.2,609.05,No
7998-ZLXWN,Female,0,Yes,No,15,Yes,No,No,No internet service,No internet service,No internet service,No internet service,No internet service,No internet service,Month-to-month,No,Credit card (automatic),20.45,330.8,No
1173-NOEYG,Female,0,Yes,No,27,Yes,Yes,Fiber optic,No,No,Yes,No,No,Yes,Month-to-month,No,Bank transfer (automatic),90.15,2423.4,No
6481-OGDOO,Male,0,Yes,No,67,Yes,No,Fiber optic,Yes,Yes,No,No,No,Yes,One year,Yes,Credit card (automatic),90.6,6056.15,No
7268-WNTCP,Male,0,Yes,Yes,62,Yes,No,No,No internet service,No internet service,No internet service,No internet service,No internet service,No internet service,Two year,No,Bank transfer (automatic),20.45,1297.35,No
5816-JMLGY,Female,0,Yes,Yes,70,Yes,No,DSL,No,Yes,Yes,Yes,Yes,Yes,Two year,Yes,Bank transfer (automatic),80.4,5717.85,No
6518-PPLMZ,Male,0,Yes,Yes,53,Yes,No,No,No internet service,No internet service,No internet service,No internet service,No internet service,No internet service,Two year,Yes,Mailed check,19.4,1110.35,No
6047-SUHPR,Male,0,Yes,Yes,39,Yes,No,DSL,Yes,Yes,Yes,No,No,No,One year,No,Electronic check,59.8,2343.85,No
2193-SFWQW,Male,0,Yes,Yes,72,Yes,No,Fiber optic,Yes,Yes,Yes,Yes,Yes,Yes,Two year,No,Bank transfer (automatic),111.95,8033.1,No
0201-MIBOL,Female,1,No,No,66,Yes,Yes,Fiber optic,Yes,No,No,No,Yes,Yes,Two year,Yes,Bank transfer (automatic),102.4,6471.85,No
9880-TDQAC,Female,0,Yes,Yes,72,No,No phone service,DSL,No,Yes,Yes,Yes,Yes,Yes,Two year,Yes,Electronic check,60.0,4264.0,No
0562-KBDVM,Female,0,No,No,70,No,No phone service,DSL,Yes,Yes,Yes,Yes,No,No,Two year,Yes,Bank transfer (automatic),44.6,3058.15,No
5451-YHYPW,Female,1,Yes,No,72,Yes,Yes,Fiber optic,Yes,Yes,Yes,Yes,Yes,Yes,Two year,Yes,Credit card (automatic),115.75,8443.7,No
6549-BTYPG,Female,0,Yes,No,60,No,No phone service,DSL,No,Yes,Yes,Yes,Yes,Yes,Two year,No,Credit card (automatic),60.8,3603.45,No
4355-CVPVS,Female,0,Yes,Yes,56,Yes,No,Fiber optic,No,No,No,No,Yes,Yes,One year,No,Bank transfer (automatic),88.9,4968.0,No
3627-FCRDW,Female,0,No,No,9,Yes,No,Fiber optic,No,No,No,No,No,No,Month-to-month,No,Electronic check,71.0,672.55,No
0562-KBDVM,Female,0,No,No,70,No,No phone service,DSL,Yes,Yes,Yes,Yes,No,No,Two year,Yes,Bank transfer (automatic),44.6,3058.15,No
4361-FEBGN,Male,0,No,No,48,Yes,No,No,No internet service,No internet service,No internet service,No internet service,No internet service,No internet service,Two year,No,Credit card (automatic),20.15,982.95,No
2324-AALNO,Female,0,No,No,48,Yes,Yes,No,No internet service,No internet service,No internet service,No internet service,No internet service,No internet service,One year,No,Bank transfer (automatic),24.55,1203.95,No
7945-PRBVF,Male,0,No,No,35,Yes,No,No,No internet service,No internet service,No internet service,No internet service,No internet service,No internet service,Two year,No,Bank transfer (automatic),21.45,705.45,No
5451-YHYPW,Female,1,Yes,No,72,Yes,Yes,Fiber optic,Yes,Yes,Yes,Yes,Yes,Yes,Two year,Yes,Credit card (automatic),115.75,8443.7,No
7579-KKLOE,Male,0,Yes,Yes,71,Yes,Yes,DSL,Yes,Yes,Yes,Yes,Yes,Yes,Two year,Yes,Mailed check,91.25,6589.6,No
2160-GPFXD,Male,0,Yes,Yes,54,Yes,Yes,DSL,Yes,Yes,No,Yes,No,No,Two year,Yes,Credit card (automatic),65.65,3566.7,No
4213-HKBJO,Female,0,No,No,33,Yes,Yes,No,No internet service,No internet service,No internet service,No internet service,No internet service,No internet service,Two year,No,Credit card (automatic),25.7,826.1,No
2324-AALNO,Female,0,No,No,48,Yes,Yes,No,No internet service,No internet service,No internet service,No internet service,No internet service,No internet service,One year,No,Bank transfer (automatic),24.55,1203.95,No
7026-YMSBE,Male,0,No,No,30,Yes,No,No,No internet service,No internet service,No internet service,No internet service,No internet service,No internet service,One year,No,Mailed check,19.7,625.05,No
8069-RHUXK,Female,0,Yes,Yes,67,No,No phone service,DSL,Yes,No,No,Yes,No,No,Two year,No,Credit card (automatic),35.7,2545.7,
8849-GYOKR,Female,0,Yes,No,54,Yes,Yes,Fiber optic,Yes,Yes,No,No,Yes,Yes,One year,No,Bank transfer (automatic),106.55,5763.3,No
2169-RRLFW,Female,0,Yes,No,71,Yes,Yes,No,No internet service,No internet service,No internet service,No internet service,No internet service,No internet service,Two year,No,Credit card (automatic),25.6,1888.25,No
9337-SRRNI,Male,0,No,Yes,66,Yes,Yes,No,No internet service,No internet service,No internet service,No internet service,No internet service,No internet service,Two year,Yes,Credit card (automatic),25.3,1673.8,No
9702-AIUJO,Male,0,Yes,Yes,50,Yes,No,DSL,No,No,No,No,No,No,One year,Yes,Bank transfer (automatic),44.8,2230.85,No
9251-AWQGT,Female,0,Yes,Yes,48,Yes,No,No,No internet service,No internet service,No internet service,No internet service,No internet service,No internet service,Two year,No,Mailed check,20.0,935.9,No
0201-MIBOL,Female,1,No,No,66,Yes,Yes,Fiber optic,Yes,No,No,No,Yes,Yes,Two year,Yes,Bank transfer (automatic),102.4,6471.85,No
0016-QLJIS,Female,0,Yes,Yes,65,Yes,Yes,DSL,Yes,Yes,Yes,Yes,Yes,Yes,Two year,Yes,Mailed check,90.45,5957.9,No
4576-CSAJH,Male,0,No,No,22,Yes,No,DSL,No,Yes,No,Yes,No,No,One year,Yes,Credit card (automatic),55.15,1193.05,No
1839-FBNFR,Female,0,Yes,Yes,39,Yes,No,No,No internet service,No internet service,No internet service,No internet service,No internet service,No internet service,Two year,Yes,Bank transfer (automatic),19.85,854.8,No
4376-KFVRS,Male,0,Yes,Yes,72,Yes,Yes,Fiber optic,Yes,Yes,Yes,Yes,Yes,Yes,Two year,Yes,Credit card (automatic),114.05,8468.2,No
8106-GWQOK,Male,0,Yes,No,38,No,No phone service,DSL,Yes,Yes,No,Yes,Yes,Yes,Two year,Yes,Bank transfer (automatic),60.0,2193.2,No
7515-LODFU,Male,1,No,No,69,Yes,No,No,No internet service,No internet service,No internet service,No internet service,No internet service,No internet service,Two year,No,Credit card (automatic),20.3,1356.3,No
7564-GHCVB,Female,0,Yes,Yes,72,Yes,Yes,Fiber optic,Yes,No,No,No,No,No,Two year,No,Bank transfer (automatic),79.05,5730.7,No
5787-KXGIY,Male,0,Yes,No,72,Yes,No,No,No internet service,No internet service,No internet service,No internet service,No internet service,No internet service,Two year,No,Credit card (automatic),19.3,1304.8,No
5960-MVTUK,Male,0,No,No,3,No,No phone service,DSL,No,No,No,Yes,No,No,Month-to-month,Yes,Electronic check,29.75,96.85,No
5177-RVZNU,Female,0,No,Yes,37,Yes,No,No,No internet service,No internet service,No internet service,No internet service,No internet service,No internet service,One year,No,Bank transfer (automatic),20.3,755.4,No
5569-KGJHX,Female,0,Yes,Yes,9,Yes,Yes,Fiber optic,No,No,No,No,Yes,No,Month-to-month,Yes,Bank transfer (automatic),85.35,754.65,No
6500-JVEGC,Male,0,No,No,68,Yes,Yes,Fiber optic,Yes,Yes,Yes,No,Yes,No,One year,No,Bank transfer (automatic),101.35,7110.75,No
3518-FSTWG,Male,1,Yes,No,72,Yes,Yes,Fiber optic,Yes,Yes,Yes,No,Yes,Yes,Two year,Yes,Bank transfer (automatic),109.55,7920.7,No
9880-TDQAC,Female,0,Yes,Yes,72,No,No phone service,DSL,No,Yes,Yes,Yes,Yes,Yes,Two year,Yes,Electronic check,60.0,4264.0,No
4981-FLTMF,Female,0,Yes,Yes,57,Yes,Yes,DSL,Yes,Yes,No,Yes,No,No,Month-to-month,No,Bank transfer (automatic),65.2,3687.85,No
4003-FUSHP,Male,0,No,No,19,Yes,No,DSL,No,No,No,Yes,Yes,No,Month-to-month,Yes,Credit card (automatic),61.55,1093.2,No
1360-JYXKQ,Female,1,Yes,No,54,Yes,No,Fiber optic,No,No,Yes,Yes,Yes,Yes,One year,Yes,Electronic check,99.1,5437.1,No
7024-OHCCK,Female,1,No,No,2,Yes,Yes,Fiber optic,No,No,No,No,Yes,Yes,Month-to-month,Yes,Electronic check,93.85,170.85,Yes
2169-RRLFW,Female,0,Yes,No,71,Yes,Yes,No,No internet service,No internet service,No internet service,No internet service,No internet service,No internet service,Two year,No,Credit card (automatic),25.6,1888.25,No
9633-DENPU,Female,0,Yes,No,47,Yes,No,DSL,No,Yes,No,No,Yes,No,Month-to-month,Yes,Bank transfer (automatic),58.6,2723.4,No
5546-BYZSM,Female,0,No,No,41,Yes,No,No,No internet service,No internet service,No internet service,No internet service,No internet service,No internet service,Month-to-month,No,Electronic check,20.45,775.6,No
9880-TDQAC,Female,0,Yes,Yes,72,No,No phone service,DSL,No,Yes,Yes,Yes,Yes,Yes,Two year,Yes,Electronic check,60.0,4264.0,No
9227-UAQFT,Male,0,No,No,16,Yes,No,No,No internet service,No internet service,No internet service,No internet service,No internet service,No internet service,Two year,No,Mailed check,19.75,284.35,No
2817-NTQDO,Male,0,No,No,13,No,No phone service,DSL,Yes,No,No,Yes,Yes,No,Month-to-month,Yes,Credit card (automatic),45.55,597.0,No
6518-PPLMZ,Male,0,Yes,Yes,53,Yes,No,No,No internet service,No internet service,No internet service,No internet service,No internet service,No internet service,Two year,Yes,Mailed check,19.4,1110.35,No
7176-WIONM,Female,0,Yes,No,12,No,No phone service,DSL,No,No,Yes,No,Yes,Yes,Month-to-month,Yes,Bank transfer (automatic),49.85,617.15,No
1353-LJWEM,Male,0,No,No,11,Yes,No,DSL,No,Yes,Yes,Yes,No,No,Month-to-month,Yes,Electronic check,60.9,688.5,No
5546-BYZSM,Female,0,No,No,41,Yes,No,No,No internet service,No internet service,No internet service,No internet service,No internet service,No internet service,Month-to-month,No,Electronic check,20.45,775.6,No
6500-JVEGC,Male,0,No,No,68,Yes,Yes,Fiber optic,Yes,Yes,Yes,No,Yes,No,One year,No,Bank transfer (automatic),101.35,7110.75,No
6010-DDPPW,Male,0,Yes,No,70,Yes,Yes,No,No internet service,No internet service,No internet service,No internet service,No internet service,No internet service,Two year,No,Bank transfer (automatic),25.15,1940.85,No
3662-FXJFO,Female,0,No,No,54,Yes,No,No,No internet service,No internet service,No internet service,No internet service,No internet service,No internet service,Two year,Yes,Mailed check,20.5,1035.7,No
7148-XZPHA,Male,0,Yes,Yes,55,Yes,No,Fiber optic,No,Yes,No,Yes,No,No,Month-to-month,No,Electronic check,79.4,4238.45,No
2929-ERCFZ,Female,0,Yes,Yes,8,Yes,No,Fiber optic,No,No,Yes,No,Yes,Yes,Month-to-month,Yes,Electronic check,94.2,777.3,No
1360-JYXKQ,Female,1,Yes,No,54,Yes,No,Fiber optic,No,No,Yes,Yes,Yes,Yes,One year,Yes,Electronic check,99.1,5437.1,No
6500-JVEGC,Male,0,No,No,68,Yes,Yes,Fiber optic,Yes,Yes,Yes,No,Yes,No,One year,No,Bank transfer (automatic),101.35,7110.75,No
2882-WDTBA,Male,0,Yes,Yes,69,Yes,No,DSL,Yes,Yes,Yes,Yes,Yes,No,Two year,Yes,Bank transfer (automatic),75.75,5388.15,No
3908-MKIMJ,Male,1,Yes,No,68,No,No phone service,DSL,Yes,Yes,Yes,No,No,No,Two year,Yes,Electronic check,41.95,2965.75,No
9950-MTGYX,Male,0,Yes,Yes,28,Yes,No,No,No internet service,No internet service,No internet service,No internet service,No internet service,No internet service,Two year,Yes,Credit card (automatic),20.3,487.95,No
1837-YQUCE,Female,0,No,No,70,No,No phone service,DSL,Yes,No,Yes,Yes,Yes,Yes,Two year,Yes,Bank transfer (automatic),58.35,4214.25,No
7463-IFMQU,Female,0,Yes,No,72,Yes,No,No,No internet service,No internet service,No internet service,No internet service,No internet service,No internet service,Two year,No,Bank transfer (automatic),20.05,1423.65,No
7998-ZLXWN,Female,0,Yes,No,15,Yes,No,No,No internet service,No internet service,No internet service,No internet service,No internet service,No internet service,Month-to-month,No,Credit card (automatic),20.45,330.8,No
6772-WFQRD,Male,0,No,Yes,40,Yes,No,No,No internet service,No internet service,No internet service,No internet service,No internet service,No internet service,One year,Yes,Bank transfer (automatic),20.4,854.9,No
3620-EHIMZ,Female,0,Yes,Yes,52,Yes,No,No,No internet service,No internet service,No internet service,No internet service,No internet service,No internet service,Two year,No,Mailed check,19.35,1031.7,No
5546-BYZSM,Female,0,No,No,41,Yes,No,No,No internet service,No internet service,No internet service,No internet service,No internet service,No internet service,Month-to-month,No,Electronic check,20.45,775.6,No
1360-JYXKQ,Female,1,Yes,No,54,Yes,No,Fiber optic,No,No,Yes,Yes,Yes,Yes,One year,Yes,Electronic check,99.1,5437.1,No
3806-DXQOM,Female,0,No,No,4,No,No phone service,DSL,Yes,Yes,No,No,No,No,Month-to-month,Yes,Electronic check,33.65,137.85,No
7750-EYXWZ,Female,0,No,No,12,No,No phone service,DSL,No,Yes,Yes,Yes,Yes,Yes,One year,No,Electronic check,60.65,743.3,No
3724-BSCVH,Male,0,Yes,Yes,10,Yes,No,No,No internet service,No internet service,No internet service,No internet service,No internet service,No internet service,One year,No,Mailed check,20.45,242.4,No
4210-QFJMF,Female,0,No,No,4,Yes,No,Fiber optic,No,No,No,No,No,Yes,Month-to-month,Yes,Electronic check,79.15,317.25,Yes
0201-MIBOL,Female,1,No,No,66,Yes,Yes,Fiber optic,Yes,No,No,No,Yes,Yes,Two year,Yes,Bank transfer (automatic),102.4,6471.85,No
7969-AULMZ,Female,0,No,No,21,Yes,Yes,Fiber optic,No,No,No,No,Yes,Yes,Month-to-month,Yes,Electronic check,97.35,2119.5,No
9950-MTGYX,Male,0,Yes,Yes,28,Yes,No,No,No internet service,No internet service,No internet service,No internet service,No internet service,No internet service,Two year,Yes,Credit card (automatic),20.3,487.95,No
5451-YHYPW,Female,1,Yes,No,72,Yes,Yes,Fiber optic,Yes,Yes,Yes,Yes,Yes,Yes,Two year,Yes,Credit card (automatic),115.75,8443.7,No
0016-QLJIS,Female,0,Yes,Yes,65,Yes,Yes,DSL,Yes,Yes,Yes,Yes,Yes,Yes,Two year,Yes,Mailed check,90.45,5957.9,No
1333-PBMXB,Female,0,Yes,Yes,54,Yes,Yes,No,No internet service,No internet service,No internet service,No internet service,No internet service,No internet service,One year,Yes,Bank transfer (automatic),24.75,1342.15,No
7515-LODFU,Male,1,No,No,69,Yes,No,No,No internet service,No internet service,No internet service,No internet service,No internet service,No internet service,Two year,No,Credit card (automatic),20.3,1356.3,No
7750-EYXWZ,Female,0,No,No,12,No,No phone service,DSL,No,Yes,Yes,Yes,Yes,Yes,One year,No,Electronic check,60.65,743.3,No
2293-IJWPS,Female,0,Yes,No,57,Yes,Yes,Fiber optic,No,No,Yes,No,Yes,Yes,One year,Yes,Credit card (automatic),100.75,5985.0,No
8106-GWQOK,Male,0,Yes,No,38,No,No phone service,DSL,Yes,Yes,No,Yes,Yes,Yes,Two year,Yes,Bank transfer (automatic),60.0,2193.2,No
0201-MIBOL,Female,1,No,No,66,Yes,Yes,Fiber optic,Yes,No,No,No,Yes,Yes,Two year,Yes,Bank transfer (automatic),102.4,6471.85,No
6447-EGDIV,Female,0,No,No,31,Yes,No,No,No internet service,No internet service,No internet service,No internet service,No internet service,No internet service,One year,No,Mailed check,20.95,683.25,No
8777-PVYGU,Female,0,Yes,No,52,Yes,No,DSL,Yes,No,Yes,No,Yes,No,One year,Yes,Mailed check,64.3,3410.6,No
4376-KFVRS,Male,0,Yes,Yes,72,Yes,Yes,Fiber optic,Yes,Yes,Yes,Yes,Yes,Yes,Two year,Yes,Credit card (automatic),114.05,8468.2,No
4210-QFJMF,Female,0,No,No,4,Yes,No,Fiber optic,No,No,No,No,No,Yes,Month-to-month,Yes,Electronic check,79.15,317.25,Yes
1038-ZAGBI,Female,0,Yes,Yes,12,Yes,No,No,No internet service,No internet service,No internet service,No internet service,No internet service,No internet service,One year,No,Bank transfer (automatic),19.8,229.6,No
5451-YHYPW,Female,1,Yes,No,72,Yes,Yes,Fiber optic,Yes,Yes,Yes,Yes,Yes,Yes,Two year,Yes,Credit card (automatic),115.75,8443.7,No
1816-FLZDK,Male,0,No,No,1,No,No phone service,DSL,No,No,No,Yes,No,No,Month-to-month,No,Mailed check,29.15,29.15,No
4607-CHPCA,Male,0,Yes,Yes,25,Yes,No,Fiber optic,No,No,No,No,Yes,Yes,One year,Yes,Electronic check,90.4,2178.6,No
7148-XZPHA,Male,0,Yes,Yes,55,Yes,No,Fiber optic,No,Yes,No,Yes,No,No,Month-to-month,No,Electronic check,79.4,4238.45,No
5138-WVKYJ,Male,0,No,No,10,Yes,Yes,Fiber optic,Yes,No,No,No,Yes,Yes,Month-to-month,No,Electronic check,98.55,1008.55,No
6772-WFQRD,Male,0,No,Yes,40,Yes,No,No,No internet service,No internet service,No internet service,No internet service,No internet service,No internet service,One year,Yes,Bank transfer (automatic),20.4,854.9,No
0201-MIBOL,Female,1,No,No,66,Yes,Yes,Fiber optic,Yes,No,No,No,Yes,Yes,Two year,Yes,Bank transfer (automatic),102.4,6471.85,No
0883-EIBTI,Female,0,No,No,2,Yes,No,No,No internet service,No internet service,No internet service,No internet service,No internet service,No internet service,Month-to-month,No,Mailed check,19.5,31.55,No
0804-XBFBV,Female,0,No,Yes,11,No,No phone service,DSL,No,No,No,No,No,No,Month-to-month,No,Electronic check,25.2,321.05,No
5787-KXGIY,Male,0,Yes,No,72,Yes,No,No,No internet service,No internet service,No internet service,No internet service,No internet service,No internet service,Two year,No,Credit card (automatic),19.3,1304.8,No
1353-GHZOS,Male,0,Yes,No,22,Yes,No,DSL,Yes,No,No,No,Yes,No,One year,Yes,Bank transfer (automatic),59.75,1374.35,No
9251-AWQGT,Female,0,Yes,Yes,48,Yes,No,No,No internet service,No internet service,No internet service,No internet service,No internet service,No internet service,Two year,No,Mailed check,20.0,935.9,No
5546-BYZSM,Female,0,No,No,41,Yes,No,No,No internet service,No internet service,No internet service,No internet service,No internet service,No internet service,Month-to-month,No,Electronic check,20.45,775.6,No
0016-QLJIS,Female,0,Yes,Yes,65,Yes,Yes,DSL,Yes,Yes,Yes,Yes,Yes,Yes,Two year,Yes,Mailed check,90.45,5957.9,No
4374-YMUSQ,Male,0,No,No,34,Yes,Yes,Fiber optic,Yes,Yes,Yes,Yes,Yes,Yes,One year,No,Credit card (automatic),116.25,3899.05,No
9251-AWQGT,Female,0,Yes,Yes,48,Yes,No,No,No internet service,No internet service,No internet service,No internet service,No internet service,No internet service,Two year,No,Mailed check,20.0,935.9,No
9880-TDQAC,Female,0,Yes,Yes,72,No,No phone service,DSL,No,Yes,Yes,Yes,Yes,Yes,Two year,Yes,Electronic check,60.0,4264.0,No
1360-JYXKQ,Female,1,Yes,No,54,Yes,No,Fiber optic,No,No,Yes,Yes,Yes,Yes,One year,Yes,Electronic check,99.1,5437.1,No
2700-LUEVA,Male,0,No,No,1,Yes,No,No,No internet service,No internet service,No internet service,No internet service,No internet service,No internet service,Month-to-month,No,Credit card (automatic),20.75,20.75,No
5177-RVZNU,Female,0,No,Yes,37,Yes,No,No,No internet service,No internet service,No internet service,No internet service,No internet service,No internet service,One year,No,Bank transfer (automatic),20.3,755.4,No
7277-KAMWT,Male,0,No,No,13,Yes,No,No,No internet service,No internet service,No internet service,No internet service,No internet service,No internet service,Two year,No,Credit card (automatic),20.0,268.45,No
7998-ZLXWN,Female,0,Yes,No,15,Yes,No,No,No internet service,No internet service,No internet service,No internet service,No internet service,No internet service,Month-to-month,No,Credit card (automatic),20.45,330.8,No
6010-DDPPW,Male,0,Yes,No,70,Yes,Yes,No,No internet service,No internet service,No internet service,No internet service,No internet service,No internet service,Two year,No,Bank transfer (automatic),25.15,1940.85,No
3460-TJBWI,Male,0,Yes,Yes,24,Yes,Yes,No,No internet service,No internet service,No internet service,No internet service,No internet service,No internet service,Two year,No,Mailed check,24.2,609.05,No
4323-ELYYB,Male,0,Yes,Yes,13,Yes,No,No,No internet service,No internet service,No internet service,No internet service,No internet service,No internet service,One year,No,Mailed check,20.0,218.55,No
3712-PKXZA,Male,0,Yes,No,61,Yes,No,No,No internet service,No internet service,No internet service,No internet service,No internet service,No internet service,One year,Yes,Credit card (automatic),20.55,1252.0,No
6400-BWQKW,Female,0,No,No,6,Yes,Yes,Fiber optic,Yes,No,No,No,No,No,Month-to-month,Yes,Electronic check,79.05,434.5,No
7268-WNTCP,Male,0,Yes,Yes,62,Yes,No,No,No internet service,No internet service,No internet service,No internet service,No internet service,No internet service,Two year,No,Bank transfer (automatic),20.45,1297.35,No
6010-DDPPW,Male,0,Yes,No,70,Yes,Yes,No,No internet service,No internet service,No internet service,No internet service,No internet service,No internet service,Two year,No,Bank transfer (automatic),25.15,1940.85,No
4323-ELYYB,Male,0,Yes,Yes,13,Yes,No,No,No internet service,No internet service,No internet service,No internet service,No internet service,No internet service,One year,No,Mailed check,20.0,218.55,No
7026-YMSBE,Male,0,No,No,30,Yes,No,No,No internet service,No internet service,No internet service,No internet service,No internet service,No internet service,One year,No,Mailed check,19.7,625.05,No
2293-IJWPS,Female,0,Yes,No,57,Yes,Yes,Fiber optic,No,No,Yes,No,Yes,Yes,One year,Yes,Credit card (automatic),100.75,5985.0,No
9251-AWQGT,Female,0,Yes,Yes,48,Yes,No,No,No internet service,No internet service,No internet service,No internet service,No internet service,No internet service,Two year,No,Mailed check,20.0,935.9,No
0883-EIBTI,Female,0,No,No,2,Yes,No,No,No internet service,No internet service,No internet service,No internet service,No internet service,No internet service,Month-to-month,No,Mailed check,19.5,31.55,
0201-MIBOL,Female,1,No,No,66,Yes,Yes,Fiber optic,Yes,No,No,No,Yes,Yes,Two year,Yes,Bank transfer (automatic),102.4,6471.85,No
6010-DDPPW,Male,0,Yes,No,70,Yes,Yes,No,No internet service,No internet service,No internet service,No internet service,No internet service,No internet service,Two year,No,Bank transfer (automatic),25.15,1940.85,No
6475-VHUIZ,Female,0,Yes,No,23,Yes,No,DSL,No,No,Yes,Yes,No,No,Month-to-month,No,Electronic check,54.25,1221.55,No
3528-HFRIQ,Male,1,Yes,No,71,No,No phone service,DSL,No,Yes,Yes,No,Yes,Yes,Month-to-month,Yes,Bank transfer (automatic),52.3,3765.05,No
2169-RRLFW,Female,0,Yes,No,71,Yes,Yes,No,No internet service,No internet service,No internet service,No internet service,No internet service,No internet service,Two year,No,Credit card (automatic),25.6,1888.25,No
8069-RHUXK,Female,0,Yes,Yes,67,No,No phone service,DSL,Yes,No,No,Yes,No,No,Two year,No,Credit card (automatic),35.7,2545.7,No
5707-ORNDZ,Male,1,No,No,9,Yes,Yes,DSL,Yes,No,No,No,No,No,Month-to-month,No,Electronic check,54.55,494.05,No
9702-AIUJO,Male,0,Yes,Yes,50,Yes,No,DSL,No,No,No,No,No,No,One year,Yes,Bank transfer (automatic),44.8,2230.85,No
1360-JYXKQ,Female,1,Yes,No,54,Yes,No,Fiber optic,No,No,Yes,Yes,Yes,Yes,One year,Yes,Electronic check,99.1,5437.1,No
2929-ERCFZ,Female,0,Yes,Yes,8,Yes,No,Fiber optic,No,No,Yes,No,Yes,Yes,Month-to-month,Yes,Electronic check,94.2,777.3,Yes
1000-AJSLD,Male,0,No,No,1,Yes,No,No,No internet service,No internet service,No internet service,No internet service,No internet service,No internet service,Month-to-month,Yes,Mailed check,20.1,20.1,No
1360-JYXKQ,Female,1,Yes,No,54,Yes,No,Fiber optic,No,No,Yes,Yes,Yes,Yes,One year,Yes,Electronic check,99.1,5437.1,No
1729-VLAZJ,Female,0,No,Yes,10,No,No phone service,DSL,Yes,Yes,No,Yes,No,No,One year,No,Mailed check,40.25,411.45,No
7515-LODFU,Male,1,No,No,69,Yes,No,No,No internet service,No internet service,No internet service,No internet service,No internet service,No internet service,Two year,No,Credit card (automatic),20.3,1356.3,No
3887-PBQAO,Female,0,Yes,Yes,45,Yes,Yes,No,No internet service,No internet service,No internet service,No internet service,No internet service,No internet service,One year,Yes,Credit card (automatic),25.9,1216.6,No
1816-FLZDK,Male,0,No,No,1,No,No phone service,DSL,No,No,No,Yes,No,No,Month-to-month,No,Mailed check,29.15,29.15,No
6867-ACCZI,Female,0,Yes,Yes,24,No,No phone service,DSL,Yes,Yes,Yes,Yes,No,Yes,Two year,Yes,Mailed check,52.5,1208.15,No
0883-EIBTI,Female,0,No,No,2,Yes,No,No,No internet service,No internet service,No internet service,No internet service,No internet service,No internet service,Month-to-month,No,Mailed check,19.5,31.55,No
4376-KFVRS,Male,0,Yes,Yes,72,Yes,Yes,Fiber optic,Yes,Yes,Yes,Yes,Yes,Yes,Two year,Yes,Credit card (automatic),114.05,8468.2,No
7623-HKYRK,Male,0,No,Yes,6,Yes,No,No,No internet service,No internet service,No internet service,No internet service,No internet service,No internet service,Month-to-month,No,Mailed check,19.7,111.65,No
6475-VHUIZ,Female,0,Yes,No,23,Yes,No,DSL,No,No,Yes,Yes,No,No,Month-to-month,No,Electronic check,54.25,1221.55,No
7629-WFGLW,Female,1,Yes,No,56,Yes,Yes,Fiber optic,Yes,Yes,Yes,Yes,No,No,One year,No,Electronic check,95.65,5471.75,No
6772-WFQRD,Male,0,No,Yes,40,Yes,No,No,No internet service,No internet service,No internet service,No internet service,No internet service,No internet service,One year,Yes,Bank transfer (automatic),20.4,854.9,No
3671-SHRSP,Male,0,Yes,No,4,Yes,No,Fiber optic,No,No,Yes,Yes,No,No,Month-to-month,Yes,Mailed check,80.6,319.15,No
8713-IGZSO,Male,0,No,No,2,Yes,Yes,No,No internet service,No internet service,No internet service,No internet service,No internet service,No internet service,Month-to-month,No,Mailed check,24.85,62.0,No
1194-SPVSP,Male,0,No,No,1,Yes,No,No,No internet service,No internet service,No internet service,No internet service,No internet service,No internet service,Month-to-month,No,Bank transfer (automatic),19.65,19.65,No
3349-ANQNH,Female,1,No,No,59,Yes,Yes,Fiber optic,No,No,Yes,No,Yes,Yes,One year,Yes,Electronic check,99.5,5890.0,No
3528-HFRIQ,Male,1,Yes,No,71,No,No phone service,DSL,No,Yes,Yes,No,Yes,Yes,Month-to-month,Yes,Bank transfer (automatic),52.3,3765.05,No
5177-RVZNU,Female,0,No,Yes,37,Yes,No,No,No internet service,No internet service,No internet service,No internet service,No internet service,No internet service,One year,No,Bank transfer (automatic),20.3,755.4,No
6500-JVEGC,Male,0,No,No,68,Yes,Yes,Fiber optic,Yes,Yes,Yes,No,Yes,No,One year,No,Bank transfer (automatic),101.35,7110.75,No
7026-YMSBE,Male,0,No,No,30,Yes,No,No,No internet service,No internet service,No internet service,No internet service,No internet service,No internet service,One year,No,Mailed check,19.7,625.05,No
9251-AWQGT,Female,0,Yes,Yes,48,Yes,No,No,No internet service,No internet service,No internet service,No internet service,No internet service,No internet service,Two year,No,Mailed check,20.0,935.9,No
6867-ACCZI,Female,0,Yes,Yes,24,No,No phone service,DSL,Yes,Yes,Yes,Yes,No,Yes,Two year,Yes,Mailed check,52.5,1208.15,No
1839-FBNFR,Female,0,Yes,Yes,39,Yes,No,No,No internet service,No internet service,No internet service,No internet service,No internet service,No internet service,Two year,Yes,Bank transfer (automatic),19.85,854.8,No
7026-YMSBE,Male,0,No,No,30,Yes,No,No,No internet service,No internet service,No internet service,No internet service,No internet service,No internet service,One year,No,Mailed check,19.7,625.05,No
6518-PPLMZ,Male,0,Yes,Yes,53,Yes,No,No,No internet service,No internet service,No internet service,No internet service,No internet service,No internet service,Two year,Yes,Mailed check,19.4,1110.35,No
3178-CIFOT,Female,0,No,No,23,Yes,No,No,No internet service,No internet service,No internet service,No internet service,No internet service,No internet service,One year,Yes,Credit card (automatic),19.65,478.1,No
5787-KXGIY,Male,0,Yes,No,72,Yes,No,No,No internet service,No internet service,No internet service,No internet service,No internet service,No internet service,Two year,No,Credit card (automatic),19.3,1304.8,No
7055-HNEOJ,Male,0,Yes,No,3,Yes,No,DSL,No,No,Yes,Yes,No,No,Month-to-month,Yes,Mailed check,55.8,154.55,No
5574-NXZIU,Male,0,No,No,63,Yes,No,Fiber optic,Yes,Yes,Yes,Yes,Yes,Yes,Two year,No,Credit card (automatic),109.2,7049.75,No
8106-GWQOK,Male,0,Yes,No,38,No,No phone service,DSL,Yes,Yes,No,Yes,Yes,Yes,Two year,Yes,Bank transfer (automatic),60.0,2193.2,No
7026-YMSBE,Male,0,No,No,30,Yes,No,No,No internet service,No internet service,No internet service,No internet service,No internet service,No internet service,One year,No,Mailed check,19.7,625.05,No
0870-VEMYL,Female,0,No,No,5,Yes,No,DSL,Yes,No,No,Yes,No,No,Month-to-month,No,Credit card (automatic),53.85,259.8,No
5553-AOINX,Female,1,Yes,Yes,66,Yes,Yes,Fiber optic,No,Yes,Yes,No,Yes,Yes,One year,Yes,Electronic check,104.9,6891.45,No
9880-TDQAC,Female,0,Yes,Yes,72,No,No phone service,DSL,No,Yes,Yes,Yes,Yes,Yes,Two year,Yes,Electronic check,60.0,4264.0,No
2169-RRLFW,Female,0,Yes,No,71,Yes,Yes,No,No internet service,No internet service,No internet service,No internet service,No internet service,No internet service,Two year,No,Credit card (automatic),25.6,1888.25,No
0562-KBDVM,Female,0,No,No,70,No,No phone service,DSL,Yes,Yes,Yes,Yes,No,No,Two year,Yes,Bank transfer (automatic),44.6,3058.15,No
4797-AXPXK,Female,0,No,Yes,1,Yes,No,DSL,Yes,Yes,No,Yes,No,No,Month-to-month,Yes,Electronic check,60.0,60.0,Yes
1837-YQUCE,Female,0,No,No,70,No,No phone service,DSL,Yes,No,Yes,Yes,Yes,Yes,Two year,Yes,Bank transfer (automatic),58.35,4214.25,No
5928-QLDHB,Male,0,No,No,9,Yes,Yes,Fiber optic,No,No,No,No,No,No,Month-to-month,Yes,Electronic check,76.25,684.85,No
7515-LODFU,Male,1,No,No,69,Yes,No,No,No internet service,No internet service,No internet service,No internet service,No internet service,No internet service,Two year,No,Credit card (automatic),20.3,1356.3,No
5546-BYZSM,Female,0,No,No,41,Yes,No,No,No internet service,No internet service,No internet service,No internet service,No internet service,No internet service,Month-to-month,No,Electronic check,20.45,775.6,No
5787-KXGIY,Male,0,Yes,No,72,Yes,No,No,No internet service,No internet service,No internet service,No internet service,No internet service,No internet service,Two year,No,Credit card (automatic),19.3,1304.8,No
5451-YHYPW,Female,1,Yes,No,72,Yes,Yes,Fiber optic,Yes,Yes,Yes,Yes,Yes,Yes,Two year,Yes,Credit card (automatic),115.75,8443.7,No
1360-JYXKQ,Female,1,Yes,No,54,Yes,No,Fiber optic,No,No,Yes,Yes,Yes,Yes,One year,Yes,Electronic check,99.1,5437.1,No
3460-TJBWI,Male,0,Yes,Yes,24,Yes,Yes,No,No internet service,No internet service,No internet service,No internet service,No internet service,No internet service,Two year,No,Mailed check,24.2,609.05,No
0016-QLJIS,Female,0,Yes,Yes,65,Yes,Yes,DSL,Yes,Yes,Yes,Yes,Yes,Yes,Two year,Yes,Mailed check,90.45,5957.9,No
3528-HFRIQ,Male,1,Yes,No,71,No,No phone service,DSL,No,Yes,Yes,No,Yes,Yes,Month-to-month,Yes,Bank transfer (automatic),52.3,3765.05,
9880-TDQAC,Female,0,Yes,Yes,72,No,No phone service,DSL,No,Yes,Yes,Yes,Yes,Yes,Two year,Yes,Electronic check,60.0,4264.0,No
8106-GWQOK,Male,0,Yes,No,38,No,No phone service,DSL,Yes,Yes,No,Yes,Yes,Yes,Two year,Yes,Bank transfer (automatic),60.0,2193.2,No
9626-VFRGG,Female,0,No,Yes,41,Yes,Yes,Fiber optic,No,Yes,No,No,Yes,No,Month-to-month,Yes,Bank transfer (automatic),88.5,3645.05,No
3096-YXENJ,Female,0,Yes,No,65,Yes,Yes,Fiber optic,No,Yes,Yes,Yes,Yes,Yes,Two year,Yes,Bank transfer (automatic),107.65,7082.85,No
6152-ONASV,Female,0,Yes,No,68,Yes,Yes,DSL,Yes,No,No,Yes,No,No,One year,No,Bank transfer (automatic),58.25,3975.7,No
7696-AMHOD,Female,0,Yes,Yes,49,Yes,No,DSL,No,Yes,Yes,No,Yes,Yes,One year,No,Credit card (automatic),78.0,3824.2,No
5787-KXGIY,Male,0,Yes,No,72,Yes,No,No,No internet service,No internet service,No internet service,No internet service,No internet service,No internet service,Two year,No,Credit card (automatic),19.3,1304.8,No
4210-QFJMF,Female,0,No,No,4,Yes,No,Fiber optic,No,No,No,No,No,Yes,Month-to-month,Yes,Electronic check,79.15,317.25,Yes
1755-FZQEC,Male,0,No,No,39,Yes,No,No,No internet service,No internet service,No internet service,No internet service,No internet service,No internet service,One year,No,Mailed check,19.9,791.15,No
3192-LNKRK,Male,0,Yes,Yes,34,Yes,No,Fiber optic,No,No,Yes,No,Yes,No,Month-to-month,Yes,Mailed check,84.05,2909.95,No
4210-QFJMF,Female,0,No,No,4,Yes,No,Fiber optic,No,No,No,No,No,Yes,Month-to-month,Yes,Electronic check,79.15,317.25,No
2675-IJRGJ,Male,0,No,No,53,Yes,No,No,No internet service,No internet service,No internet service,No internet service,No internet service,No internet service,Two year,No,Bank transfer (automatic),19.65,978.0,No
4770-QAZXN,Female,0,No,No,13,Yes,No,No,No internet service,No internet service,No internet service,No internet service,No internet service,No internet service,Month-to-month,No,Credit card (automatic),19.45,232.1,No
9170-ARBTB,Female,0,Yes,Yes,52,Yes,No,No,No internet service,No internet service,No internet service,No internet service,No internet service,No internet service,One year,No,Credit card (automatic),19.6,1012.4,No
1839-FBNFR,Female,0,Yes,Yes,39,Yes,No,No,No internet service,No internet service,No internet service,No internet service,No internet service,No internet service,Two year,Yes,Bank transfer (automatic),19.85,854.8,No
9867-NNXLC,Female,0,No,No,22,Yes,No,No,No internet service,No internet service,No internet service,No internet service,No internet service,No internet service,Month-to-month,Yes,Mailed check,20.05,470.2,No
7026-YMSBE,Male,0,No,No,30,Yes,No,No,No internet service,No internet service,No internet service,No internet service,No internet service,No internet service,One year,No,Mailed check,19.7,625.05,No
5569-KGJHX,Female,0,Yes,Yes,9,Yes,Yes,Fiber optic,No,No,No,No,Yes,No,Month-to-month,Yes,Bank transfer (automatic),85.35,754.65,No
1335-NTIUC,Male,0,No,No,9,No,No phone service,DSL,No,No,No,No,No,No,Month-to-month,Yes,Electronic check,24.95,190.25,No
9702-AIUJO,Male,0,Yes,Yes,50,Yes,No,DSL,No,No,No,No,No,No,One year,Yes,Bank transfer (automatic),44.8,2230.85,No
3779-OSWCF,Female,0,Yes,No,71,Yes,Yes,DSL,Yes,Yes,Yes,Yes,Yes,Yes,Two year,No,Credit card (automatic),93.2,6506.15,No
3528-HFRIQ,Male,1,Yes,No,71,No,No phone service,DSL,No,Yes,Yes,No,Yes,Yes,Month-to-month,Yes,Bank transfer (automatic),52.3,3765.05,No
1194-SPVSP,Male,0,No,No,1,Yes,No,No,No internet service,No internet service,No internet service,No internet service,No internet service,No internet service,Month-to-month,No,Bank transfer (automatic),19.65,19.65,No
2293-IJWPS,Female,0,Yes,No,57,Yes,Yes,Fiber optic,No,No,Yes,No,Yes,Yes,One year,Yes,Credit card (automatic),100.75,5985.0,No
2293-IJWPS,Female,0,Yes,No,57,Yes,Yes,Fiber optic,No,No,Yes,No,Yes,Yes,One year,Yes,Credit card (automatic),100.75,5985.0,No
0221-WMXNQ,Male,1,No,No,4,Yes,No,Fiber optic,Yes,No,No,No,No,No,Month-to-month,No,Electronic check,75.35,273.4,No
9170-ARBTB,Female,0,Yes,Yes,52,Yes,No,No,No internet service,No internet service,No internet service,No internet service,No internet service,No internet service,One year,No,Credit card (automatic),19.6,1012.4,No
9867-NNXLC,Female,0,No,No,22,Yes,No,No,No internet service,No internet service,No internet service,No internet service,No internet service,No internet service,Month-to-month,Yes,Mailed check,20.05,470.2,No
9392-XBGTD,Male,0,No,Yes,27,Yes,No,No,No internet service,No internet service,No internet service,No internet service,No internet service,No internet service,Two year,No,Mailed check,20.6,581.85,No
2606-PKWJB,Male,0,No,Yes,40,No,No phone service,DSL,Yes,Yes,No,Yes,No,No,One year,No,Mailed check,40.25,1564.05,No
2592-YKDIF,Female,0,No,No,1,Yes,No,No,No internet service,No internet service,No internet service,No internet service,No internet service,No internet service,Month-to-month,No,Mailed check,20.35,20.35,No
3454-JFUBC,Male,1,No,No,68,Yes,No,No,No internet service,No internet service,No internet service,No internet service,No internet service,No internet service,Two year,Yes,Credit card (automatic),20.0,1396.0,No
5553-AOINX,Female,1,Yes,Yes,66,Yes,Yes,Fiber optic,No,Yes,Yes,No,Yes,Yes,One year,Yes,Electronic check,104.9,6891.45,No
2946-KIQSP,Female,0,No,No,35,No,No phone service,DSL,No,No,Yes,Yes,No,No,Month-to-month,Yes,Mailed check,33.45,1175.85,No
7515-LODFU,Male,1,No,No,69,Yes,No,No,No internet service,No internet service,No internet service,No internet service,No internet service,No internet service,Two year,No,Credit card (automatic),20.3,1356.3,No
0804-XBFBV,Female,0,No,Yes,11,No,No phone service,DSL,No,No,No,No,No,No,Month-to-month,No,Electronic check,25.2,321.05,No
5854-KSRBJ,Male,0,Yes,Yes,70,Yes,Yes,No,No internet service,No internet service,No internet service,No internet service,No internet service,No internet service,Two year,No,Mailed check,25.4,1782.05,No
1194-SPVSP,Male,0,No,No,1,Yes,No,No,No internet service,No internet service,No internet service,No internet service,No internet service,No internet service,Month-to-month,No,Bank transfer (automatic),19.65,19.65,No
4576-CSAJH,Male,0,No,No,22,Yes,No,DSL,No,Yes,No,Yes,No,No,One year,Yes,Credit card (automatic),55.15,1193.05,No
9950-MTGYX,Male,0,Yes,Yes,28,Yes,No,No,No internet service,No internet service,No internet service,No internet service,No internet service,No internet service,Two year,Yes,Credit card (automatic),20.3,487.95,No
4607-CHPCA,Male,0,Yes,Yes,25,Yes,No,Fiber optic,No,No,No,No,Yes,Yes,One year,Yes,Electronic check,90.4,2178.6,No
3192-LNKRK,Male,0,Yes,Yes,34,Yes,No,Fiber optic,No,No,Yes,No,Yes,No,Month-to-month,Yes,Mailed check,84.05,2909.95,No
6475-VHUIZ,Female,0,Yes,No,23,Yes,No,DSL,No,No,Yes,Yes,No,No,Month-to-month,No,Electronic check,54.25,1221.55,No
2320-SLKMB,Female,0,No,No,26,No,No phone service,DSL,No,No,Yes,Yes,Yes,No,Month-to-month,Yes,Credit card (automatic),44.45,1183.8,No
5117-IFGPS,Male,1,Yes,No,29,Yes,Yes,Fiber optic,No,No,No,No,No,Yes,Month-to-month,Yes,Electronic check,84.3,2357.75,No
3005-NFMTA,Male,1,No,No,55,Yes,Yes,Fiber optic,Yes,No,No,No,Yes,Yes,Month-to-month,Yes,Electronic check,98.8,5617.75,No
6506-EYCNH,Female,0,Yes,Yes,28,Yes,No,No,No internet service,No internet service,No internet service,No internet service,No internet service,No internet service,Month-to-month,Yes,Bank transfer (automatic),19.55,543.8,No
2324-AALNO,Female,0,No,No,48,Yes,Yes,No,No internet service,No internet service,No internet service,No internet service,No internet service,No internet service,One year,No,Bank transfer (automatic),24.55,1203.95,No
5707-ZMDJP,Male,0,Yes,Yes,53,Yes,No,DSL,Yes,Yes,No,Yes,Yes,No,Two year,Yes,Mailed check,69.7,3729.6,No
4376-KFVRS,Male,0,Yes,Yes,72,Yes,Yes,Fiber optic,Yes,Yes,Yes,Yes,Yes,Yes,Two year,Yes,Credit card (automatic),114.05,8468.2,No
2324-AALNO,Female,0,No,No,48,Yes,Yes,No,No internet service,No internet service,No internet service,No internet service,No internet service,No internet service,One year,No,Bank transfer (automatic),24.55,1203.95,No
5177-RVZNU,Female,0,No,Yes,37,Yes,No,No,No internet service,No internet service,No internet service,No internet service,No internet service,No internet service,One year,No,Bank transfer (automatic),20.3,755.4,No
7284-ZZLOH,Male,0,Yes,No,45,Yes,No,DSL,Yes,No,Yes,No,No,No,Two year,No,Credit card (automatic),53.3,2296.25,No
3460-TJBWI,Male,0,Yes,Yes,24,Yes,Yes,No,No internet service,No internet service,No internet service,No internet service,No internet service,No internet service,Two year,No,Mailed check,24.2,609.05,No
4576-CSAJH,Male,0,No,No,22,Yes,No,DSL,No,Yes,No,Yes,No,No,One year,Yes,Credit card (automatic),55.15,1193.05,No
9702-AIUJO,Male,0,Yes,Yes,50,Yes,No,DSL,No,No,No,No,No,No,One year,Yes,Bank transfer (automatic),44.8,2230.85,No
0804-XBFBV,Female,0,No,Yes,11,No,No phone service,DSL,No,No,No,No,No,No,Month-to-month,No,Electronic check,25.2,321.05,No
5546-BYZSM,Female,0,No,No,41,Yes,No,No,No internet service,No internet service,No internet service,No internet service,No internet service,No internet service,Month-to-month,No,Electronic check,20.45,775.6,No
6500-JVEGC,Male,0,No,No,68,Yes,Yes,Fiber optic,Yes,Yes,Yes,No,Yes,No,One year,No,Bank transfer (automatic),101.35,7110.75,No
3528-HFRIQ,Male,1,Yes,No,71,No,No phone service,DSL,No,Yes,Yes,No,Yes,Yes,Month-to-month,Yes,Bank transfer (automatic),52.3,3765.05,No
7148-XZPHA,Male,0,Yes,Yes,55,Yes,No,Fiber optic,No,Yes,No,Yes,No,No,Month-to-month,No,Electronic check,79.4,4238.45,No
6500-JVEGC,Male,0,No,No,68,Yes,Yes,Fiber optic,Yes,Yes,Yes,No,Yes,No,One year,No,Bank transfer (automatic),101.35,7110.75,No
3500-RMZLT,Female,1,No,No,15,Yes,No,Fiber optic,Yes,No,Yes,Yes,No,Yes,Month-to-month,Yes,Mailed check,96.3,1426.75,No
6549-BTYPG,Female,0,Yes,No,60,No,No phone service,DSL,No,Yes,Yes,Yes,Yes,Yes,Two year,No,Credit card (automatic),60.8,3603.45,No
1452-XRSJV,Female,0,Yes,Yes,39,Yes,No,DSL,Yes,No,No,No,No,No,Month-to-month,No,Credit card (automatic),51.05,2066.0,No
1724-BQUHA,Male,1,No,No,5,Yes,No,Fiber optic,No,No,No,No,Yes,Yes,Month-to-month,Yes,Electronic check,89.5,477.7,No
1304-NECVQ,Female,1,No,No,2,Yes,Yes,Fiber optic,No,No,Yes,No,No,No,Month-to-month,Yes,Electronic check,78.55,149.55,Yes
5569-KGJHX,Female,0,Yes,Yes,9,Yes,Yes,Fiber optic,No,No,No,No,Yes,No,Month-to-month,Yes,Bank transfer (automatic),85.35,754.65,No
2946-KIQSP,Female,0,No,No,35,No,No phone service,DSL,No,No,Yes,Yes,No,No,Month-to-month,Yes,Mailed check,33.45,1175.85,No
7024-OHCCK,Female,1,No,No,2,Yes,Yes,Fiber optic,No,No,No,No,Yes,Yes,Month-to-month,Yes,Electronic check,93.85,170.85,Yes
6328-ZPBGN,Female,1,No,No,11,Yes,Yes,Fiber optic,No,No,No,No,Yes,Yes,Month-to-month,Yes,Bank transfer (automatic),95.15,997.65,Yes
7564-GHCVB,Female,0,Yes,Yes,72,Yes,Yes,Fiber optic,Yes,No,No,No,No,No,Two year,No,Bank transfer (automatic),79.05,5730.7,No
7176-WIONM,Female,0,Yes,No,12,No,No phone service,DSL,No,No,Yes,No,Yes,Yes,Month-to-month,Yes,Bank transfer (automatic),49.85,617.15,No
4376-KFVRS,Male,0,Yes,Yes,72,Yes,Yes,Fiber optic,Yes,Yes,Yes,Yes,Yes,Yes,Two year,Yes,Credit card (automatic),114.05,8468.2,No
9251-AWQGT,Female,0,Yes,Yes,48,Yes,No,No,No internet service,No internet service,No internet service,No internet service,No internet service,No internet service,Two year,No,Mailed check,20.0,935.9,No
3712-PKXZA,Male,0,Yes,No,61,Yes,No,No,No internet service,No internet service,No internet service,No internet service,No internet service,No internet service,One year,Yes,Credit card (automatic),20.55,1252.0,No
3712-PKXZA,Male,0,Yes,No,61,Yes,No,No,No internet service,No internet service,No internet service,No internet service,No internet service,No internet service,One year,Yes,Credit card (automatic),20.55,1252.0,No
9702-AIUJO,Male,0,Yes,Yes,50,Yes,No,DSL,No,No,No,No,No,No,One year,Yes,Bank transfer (automatic),44.8,2230.85,No
6867-ACCZI,Female,0,Yes,Yes,24,No,No phone service,DSL,Yes,Yes,Yes,Yes,No,Yes,Two year,Yes,Mailed check,52.5,1208.15,No
9702-AIUJO,Male,0,Yes,Yes,50,Yes,No,DSL,No,No,No,No,No,No,One year,Yes,Bank transfer (automatic),44.8,2230.85,No
9702-AIUJO,Male,0,Yes,Yes,50,Yes,No,DSL,No,No,No,No,No,No,One year,Yes,Bank transfer (automatic),44.8,2230.85,No
0883-EIBTI,Female,0,No,No,2,Yes,No,No,No internet service,No internet service,No internet service,No internet service,No internet service,No internet service,Month-to-month,No,Mailed check,19.5,31.55,No
9702-AIUJO,Male,0,Yes,Yes,50,Yes,No,DSL,No,No,No,No,No,No,One year,Yes,Bank transfer (automatic),44.8,2230.85,No
5451-YHYPW,Female,1,Yes,No,72,Yes,Yes,Fiber optic,Yes,Yes,Yes,Yes,Yes,Yes,Two year,Yes,Credit card (automatic),115.75,8443.7,No
8713-IGZSO,Male,0,No,No,2,Yes,Yes,No,No internet service,No internet service,No internet service,No internet service,No internet service,No internet service,Month-to-month,No,Mailed check,24.85,62.0,No
0689-DSXGL,Female,0,Yes,Yes,52,Yes,No,Fiber optic,No,Yes,Yes,Yes,No,No,Month-to-month,No,Bank transfer (automatic),85.8,4433.3,No
7750-EYXWZ,Female,0,No,No,12,No,No phone service,DSL,No,Yes,Yes,Yes,Yes,Yes,One year,No,Electronic check,60.65,743.3,No
5177-RVZNU,Female,0,No,Yes,37,Yes,No,No,No internet service,No internet service,No internet service,No internet service,No internet service,No internet service,One year,No,Bank transfer (automatic),20.3,755.4,No
3719-TDVQB,Female,1,Yes,No,54,Yes,No,No,No internet service,No internet service,No internet service,No internet service,No internet service,No internet service,Two year,Yes,Mailed check,18.95,1031.1,No
7696-AMHOD,Female,0,Yes,Yes,49,Yes,No,DSL,No,Yes,Yes,No,Yes,Yes,One year,No,Credit card (automatic),78.0,3824.2,No
3178-CIFOT,Female,0,No,No,23,Yes,No,No,No internet service,No internet service,No internet service,No internet service,No internet service,No internet service,One year,Yes,Credit card (automatic),19.65,478.1,No
3454-JFUBC,Male,1,No,No,68,Yes,No,No,No internet service,No internet service,No internet service,No internet service,No internet service,No internet service,Two year,Yes,Credit card (automatic),20.0,1396.0,No
0016-QLJIS,Female,0,Yes,Yes,65,Yes,Yes,DSL,Yes,Yes,Yes,Yes,Yes,Yes,Two year,Yes,Mailed check,90.45,5957.9,No
2320-SLKMB,Female,0,No,No,26,No,No phone service,DSL,No,No,Yes,Yes,Yes,No,Month-to-month,Yes,Credit card (automatic),44.45,1183.8,No
4720-VSTSI,Female,0,No,No,44,Yes,Yes,Fiber optic,No,Yes,Yes,No,No,No,Month-to-month,Yes,Bank transfer (automatic),84.8,3862.55,No
7623-HKYRK,Male,0,No,Yes,6,Yes,No,No,No internet service,No internet service,No internet service,No internet service,No internet service,No internet service,Month-to-month,No,Mailed check,19.7,111.65,No
2293-IJWPS,Female,0,Yes,No,57,Yes,Yes,Fiber optic,No,No,Yes,No,Yes,Yes,One year,Yes,Credit card (automatic),100.75,5985.0,No
9170-ARBTB,Female,0,Yes,Yes,52,Yes,No,No,No internet service,No internet service,No internet service,No internet service,No internet service,No internet service,One year,No,Credit card (automatic),19.6,1012.4,No
4128-ETESU,Female,1,Yes,No,47,Yes,Yes,Fiber optic,No,No,Yes,No,Yes,Yes,Month-to-month,No,Electronic check,99.7,4747.2,No
9170-ARBTB,Female,0,Yes,Yes,52,Yes,No,No,No internet service,No internet service,No internet service,No internet service,No internet service,No internet service,One year,No,Credit card (automatic),19.6,1012.4,No
5787-KXGIY,Male,0,Yes,No,72,Yes,No,No,No internet service,No internet service,No internet service,No internet service,No internet service,No internet service,Two year,No,Credit card (automatic),19.3,1304.8,No
3460-TJBWI,Male,0,Yes,Yes,24,Yes,Yes,No,No internet service,No internet service,No internet service,No internet service,No internet service,No internet service,Two year,No,Mailed check,24.2,609.05,No
0201-MIBOL,Female,1,No,No,66,Yes,Yes,Fiber optic,Yes,No,No,No,Yes,Yes,Two year,Yes,Bank transfer (automatic),102.4,6471.85,No
1816-FLZDK,Male,0,No,No,1,No,No phone service,DSL,No,No,No,Yes,No,No,Month-to-month,No,Mailed check,29.15,29.15,No
5569-KGJHX,Female,0,Yes,Yes,9,Yes,Yes,Fiber optic,No,No,No,No,Yes,No,Month-to-month,Yes,Bank transfer (automatic),85.35,754.65,No
3887-PBQAO,Female,0,Yes,Yes,45,Yes,Yes,No,No internet service,No internet service,No internet service,No internet service,No internet service,No internet service,One year,Yes,Credit card (automatic),25.9,1216.6,No
3518-FSTWG,Male,1,Yes,No,72,Yes,Yes,Fiber optic,Yes,Yes,Yes,No,Yes,Yes,Two year,Yes,Bank transfer (automatic),109.55,7920.7,No
5787-KXGIY,Male,0,Yes,No,72,Yes,No,No,No internet service,No internet service,No internet service,No internet service,No internet service,No internet service,Two year,No,Credit card (automatic),19.3,1304.8,No
5569-KGJHX,Female,0,Yes,Yes,9,Yes,Yes,Fiber optic,No,No,No,No,Yes,No,Month-to-month,Yes,Bank transfer (automatic),85.35,754.65,No
7026-YMSBE,Male,0,No,No,30,Yes,No,No,No internet service,No internet service,No internet service,No internet service,No internet service,No internet service,One year,No,Mailed check,19.7,625.05,No
7325-ENZFI,Female,0,No,No,39,No,No phone service,DSL,Yes,Yes,No,Yes,No,No,One year,Yes,Bank transfer (automatic),40.3,1630.4,No
7515-LODFU,Male,1,No,No,69,Yes,No,No,No internet service,No internet service,No internet service,No internet service,No internet service,No internet service,Two year,No,Credit card (automatic),20.3,1356.3,No
4323-ELYYB,Male,0,Yes,Yes,13,Yes,No,No,No internet service,No internet service,No internet service,No internet service,No internet service,No internet service,One year,No,Mailed check,20.0,218.55,No
1353-GHZOS,Male,0,Yes,No,22,Yes,No,DSL,Yes,No,No,No,Yes,No,One year,Yes,Bank transfer (automatic),59.75,1374.35,No
9880-TDQAC,Female,0,Yes,Yes,72,No,No phone service,DSL,No,Yes,Yes,Yes,Yes,Yes,Two year,Yes,Electronic check,60.0,4264.0,No
8713-IGZSO,Male,0,No,No,2,Yes,Yes,No,No internet service,No internet service,No internet service,No internet service,No internet service,No internet service,Month-to-month,No,Mailed check,24.85,62.0,No
1729-VLAZJ,Female,0,No,Yes,10,No,No phone service,DSL,Yes,Yes,No,Yes,No,No,One year,No,Mailed check,40.25,411.45,No
0523-VNGTF,Female,1,No,No,52,No,No phone service,DSL,No,Yes,Yes,Yes,Yes,No,Month-to-month,Yes,Electronic check,50.5,2566.3,No
3908-MKIMJ,Male,1,Yes,No,68,No,No phone service,DSL,Yes,Yes,Yes,No,No,No,Two year,Yes,Electronic check,41.95,2965.75,No
3207-OYBWH,Male,1,Yes,No,57,Yes,Yes,Fiber optic,No,Yes,Yes,No,No,Yes,Month-to-month,Yes,Bank transfer (automatic),95.25,5427.05,No
9702-AIUJO,Male,0,Yes,Yes,50,Yes,No,DSL,No,No,No,No,No,No,One year,Yes,Bank transfer (automatic),44.8,2230.85,No
7325-ENZFI,Female,0,No,No,39,No,No phone service,DSL,Yes,Yes,No,Yes,No,No,One year,Yes,Bank transfer (automatic),40.3,1630.4,No
3460-TJBWI,Male,0,Yes,Yes,24,Yes,Yes,No,No internet service,No internet service,No internet service,No internet service,No internet service,No internet service,Two year,No,Mailed check,24.2,609.05,No
5787-KXGIY,Male,0,Yes,No,72,Yes,No,No,No internet service,No internet service,No internet service,No internet service,No internet service,No internet service,Two year,No,Credit card (automatic),19.3,1304.8,No
