gender,SeniorCitizen,Partner,Dependents,tenure,PhoneService,MultipleLines,InternetService,OnlineSecurity,OnlineBackup,DeviceProtection,TechSupport,StreamingTV,StreamingMovies,Contract,PaperlessBilling,PaymentMethod,MonthlyCharges,TotalCharges,Churn
Male,0,No,Yes,24,Yes,No,DSL,Yes,Yes,No,Yes,No,No,Month-to-month,No,Bank transfer (automatic),75.2,1804.8,yes
Female,1,No,No,24,Yes,Yes,DSL,Yes,Yes,No,No,No,Yes,One year,No,Credit card (automatic),85.75,2058.0,no
Male,1,No,Yes,30,Yes,Yes,Fiber optic,Yes,Yes,No,Yes,Yes,Yes,Two year,No,Mailed check,89.5,2685.0,no
Female,1,Yes,Yes,24,Yes,Yes,DSL,Yes,No,Yes,No,No,Yes,One year,No,Electronic check,75.5,1802.3,no
Male,0,Yes,No,24,Yes,No,DSL,Yes,No,Yes,No,No,No,One year,Yes,Bank transfer (automatic),75.7,1821.8,no
Female,0,No,No,22,Yes,No,DSL,Yes,Yes,No,Yes,Yes,No,One year,No,Credit card (automatic),76.1,1674.2,no
Male,1,No,Yes,24,Yes,Yes,DSL,Yes,No,Yes,Yes,No,No,Month-to-month,Yes,Bank transfer (automatic),75.3,1807.2,yes
Female,1,No,No,15,No,No,Fiber optic,No,Yes,No,Yes,No,Yes,Month-to-month,Yes,Electronic check,89.2,1323.0,yes
Female,1,Yes,Yes,24,Yes,Yes,DSL,Yes,No,Yes,No,No,No,One year,No,Credit card (automatic),59.95,1438.8,no
Female,0,Yes,Yes,45,Yes,No,Fiber optic,No,Yes,No,No,Yes,Yes,One year,Yes,Credit card (automatic),89.5,3927.5,no
Male,1,Yes,No,24,Yes,Yes,DSL,Yes,Yes,Yes,Yes,No,No,One year,No,Credit card (automatic),75.5,1812.0,no
Male,1,No,Yes,24,Yes,Yes,Fiber optic,No,Yes,No,Yes,No,Yes,Month-to-month,Yes,Credit card (automatic),88.7,2112.8,yes
Male,1,Yes,Yes,12,Yes,Yes,DSL,Yes,Yes,No,Yes,Yes,Yes,One year,No,Mailed check,89.5,1074.0,yes
Female,0,Yes,Yes,16,Yes,Yes,DSL,Yes,Yes,No,No,No,Yes,One year,Yes,Bank transfer (automatic),75.5,1208.0,no
Male,1,No,No,5,Yes,No,DSL,Yes,Yes,Yes,No,Yes,No,One year,No,Mailed check,75.3,376.5,no
Male,1,Yes,No,15,Yes,No,DSL,Yes,Yes,No,No,No,Yes,Month-to-month,Yes,Bank transfer (automatic),75.3,1129.5,no
Male,1,No,No,24,Yes,No,DSL,Yes,No,Yes,No,Yes,No,One year,No,Credit card (automatic),75.25,1805.0,yes
Male,1,No,No,24,Yes,Yes,DSL,Yes,No,Yes,No,No,Yes,Month-to-month,Yes,Electronic check,79.2,1900.8,yes
Male,1,Yes,No,45,Yes,Yes,Fiber optic,Yes,Yes,Yes,Yes,Yes,Yes,Two year,Yes,Credit card (automatic),109.5,4972.15,no
Male,1,Yes,No,12,No,No phone service,Fiber optic,No,No,Yes,No,Yes,Yes,One year,No,Credit card (automatic),95.5,1146.0,no
Male,0,Yes,Yes,42,Yes,No,Fiber optic,Yes,Yes,Yes,No,Yes,Yes,One year,Yes,Electronic check,99.5,4179.4,No
Female,1,No,No,72,Yes,No,DSL,Yes,Yes,No,Yes,No,Yes,One year,Yes,Electronic check,89.1,6400.2,no
Female,1,Yes,Yes,12,No,No,Fiber optic,Yes,No,No,Yes,No,Yes,Month-to-month,Yes,Credit card (automatic),89.65,1075.8,yes
Male,1,No,No,12,Yes,No,DSL,Yes,No,No,Yes,No,No,One year,No,Credit card (automatic),55.2,662.4,no
Male,1,Yes,Yes,56,Yes,Yes,Fiber optic,No,Yes,Yes,No,Yes,Yes,Month-to-month,No,Mailed check,104.75,5853.4,yes
Female,1,Yes,Yes,48,Yes,Yes,Fiber optic,No,Yes,Yes,Yes,Yes,Yes,One year,No,Credit card (automatic),99.75,4788.0,no
Male,1,No,No,24,Yes,No,Fiber optic,No,Yes,Yes,No,Yes,Yes,Two year,Yes,Credit card (automatic),95.8,2299.2,yes
Female,1,Yes,Yes,24,Yes,Yes,Fiber optic,Yes,Yes,No,No,Yes,Yes,Two year,Yes,Credit card (automatic),99.75,2394.0,no
Female,1,No,Yes,24,Yes,Yes,Fiber optic,No,No,No,No,Yes,Yes,Month-to-month,Yes,Credit card (automatic),89.5,2148.0,yes
Male,1,No,Yes,24,Yes,No,Fiber optic,No,Yes,Yes,No,Yes,Yes,Month-to-month,Yes,Credit card (automatic),94.65,2303.4,yes
Male,1,Yes,No,24,Yes,Yes,DSL,Yes,Yes,Yes,No,No,No,One year,No,Credit card (automatic),75.5,1812.0,no
Female,1,Yes,No,5,Yes,Yes,DSL,Yes,No,Yes,No,No,Yes,Month-to-month,Yes,Electronic check,75.9,379.5,yes
Male,1,No,Yes,25,Yes,Yes,Fiber optic,Yes,No,Yes,No,Yes,Yes,Month-to-month,Yes,Credit card (automatic),95.75,2393.75,no
Female,0,No,No,15,Yes,Yes,DSL,No,Yes,No,No,No,Yes,Month-to-month,Yes,Electronic check,79.9,1198.5,yes
Male,1,No,Yes,24,Yes,No,Fiber optic,No,No,No,No,Yes,No,Month-to-month,Yes,Electronic check,95.5,2293.75,yes
Female,1,Yes,No,24,Yes,Yes,Fiber optic,Yes,No,Yes,No,Yes,Yes,Two year,No,Bank transfer (automatic),100.25,2406.0,no
Female,1,Yes,No,48,Yes,Yes,Fiber optic,Yes,Yes,No,No,Yes,Yes,Two year,Yes,Credit card (automatic),99.85,4793.2,no
Male,1,No,Yes,12,Yes,No,DSL,No,Yes,Yes,Yes,No,No,Month-to-month,Yes,Credit card (automatic),65.95,791.4,no
Female,1,No,No,10,Yes,Yes,Fiber optic,No,No,Yes,No,Yes,Yes,Month-to-month,Yes,Credit card (automatic),87.3,873.0,yes
Male,1,Yes,Yes,24,Yes,Yes,DSL,Yes,Yes,Yes,Yes,No,Yes,Two year,No,Credit card (automatic),85.5,2052.0,no
Male,1,No,Yes,24,Yes,No phone service,Fiber optic,No,Yes,No,Yes,Yes,No,Month-to-month,Yes,Credit card (automatic),89.75,2145.2,yes
Female,1,Yes,Yes,45,Yes,No,DSL,No,Yes,No,Yes,No,Yes,Two year,Yes,Credit card (automatic),74.6,3327.0,no
Male,1,Yes,Yes,24,No,No,DSL,Yes,Yes,Yes,No,No,Yes,One year,No,Credit card (automatic),55.5,1332.0,no
Female,1,No,No,22,Yes,Yes,DSL,Yes,Yes,No,Yes,Yes,Yes,One year,No,Credit card (automatic),89.1,1960.2,no
Female,1,Yes,Yes,36,Yes,Yes,Fiber optic,No,Yes,Yes,No,Yes,No,Two year,No,Bank transfer (automatic),89.65,3228.45,no
Female,1,Yes,Yes,72,Yes,No,DSL,Yes,Yes,No,No,No,Yes,Two year,Yes,Credit card (automatic),75.4,5409.8,no
Male,0,Yes,Yes,42,Yes,No,DSL,Yes,Yes,Yes,Yes,No,No,Two year,No,Credit card (automatic),78.5,3206.6,no
Male,1,No,Yes,45,Yes,Yes,DSL,Yes,Yes,No,No,Yes,Yes,One year,No,Credit card (automatic),95.5,4304.5,no
Female,1,No,No,5,Yes,Yes,Fiber optic,Yes,Yes,No,No,Yes,Yes,One year,No,Credit card (automatic),95.65,478.25,yes
Male,1,No,No,12,Yes,Yes,Fiber optic,No,Yes,No,Yes,Yes,No,Month-to-month,Yes,Credit card,95.3,1143.6,yes
Female,1,Yes,Yes,36,Yes,Yes,DSL,Yes,Yes,No,Yes,Yes,No,One year,No,Credit card (automatic),89.65,3227.4,no
Male,1,No,No,24,Yes,Yes,Fiber optic,No,Yes,Yes,Yes,Yes,Yes,One year,Yes,Bank transfer (automatic),95.15,2283.6,yes
Male,1,No,Yes,12,Yes,Yes,Fiber optic,Yes,Yes,No,Yes,Yes,Yes,Two year,No,Bank transfer (automatic),95.75,1149.0,no
Female,1,No,Yes,45,Yes,Yes,Fiber optic,No,Yes,Yes,Yes,No,Yes,Two year,No,Credit card (automatic),95.6,4298.0,no
Female,0,Yes,No,12,Yes,Yes,Fiber optic,No,Yes,No,No,Yes,Yes,Month-to-month,Yes,Credit card (automatic),89.7,1076.4,yes
Female,1,No,No,24,Yes,Yes,DSL,Yes,Yes,No,No,No,No,One year,Yes,Credit card (automatic),75.5,1700.4,yes
Male,1,Yes,Yes,48,Yes,Yes,DSL,Yes,Yes,No,No,No,No,One year,No,Credit card (automatic),74.5,3589.2,no
Female,1,Yes,No,24,Yes,Yes,DSL,Yes,No,No,Yes,Yes,Yes,Two year,Yes,Electronic check,85.5,2052.0,no
Female,1,No,No,12,Yes,No,Fiber optic,No,No,Yes,No,Yes,Yes,Month-to-month,No,Mailed check,89.85,1078.2,yes
Male,1,No,No,12,Yes,No,DSL,Yes,No,Yes,Yes,No,Yes,One year,No,Credit card (automatic),65.2,764.4,yes
Male,1,Yes,Yes,22,Yes,Yes,DSL,Yes,Yes,No,Yes,Yes,No,Two year,No,Bank transfer (automatic),76.35,1680.2,no
Male,1,No,Yes,12,Yes,No,DSL,Yes,No,No,Yes,No,Yes,One year,No,Mailed check,75.5,906.0,no
Male,1,No,No,18,Yes,Yes,Fiber optic,No,Yes,No,No,No,Yes,Month-to-month,Yes,Credit card (automatic),95.5,1719.0,yes
Male,1,Yes,Yes,42,Yes,No,Fiber optic,Yes,Yes,No,No,Yes,Yes,One year,No,Credit card (automatic),88.15,3758.3,yes
Female,1,Yes,No,12,Yes,No,DSL,No,Yes,No,No,No,Yes,Month-to-month,Yes,Bank transfer (automatic),58.75,705.0,yes
Female,1,Yes,Yes,36,Yes,Yes,Fiber optic,Yes,Yes,No,No,Yes,Yes,Two year,Yes,Credit card (automatic),95.5,3420.0,no
Female,1,No,Yes,48,Yes,Yes,Fiber optic,No,Yes,Yes,No,Yes,Yes,Two year,Yes,Credit card (automatic),99.9,4795.2,no
Male,1,No,No,24,Yes,Yes,DSL,Yes,No,Yes,No,No,Yes,Month-to-month,Yes,Electronic check,89.75,2154.0,yes
Male,1,No,Yes,24,Yes,No,DSL,Yes,No,Yes,No,Yes,No,Month-to-month,Yes,Bank transfer (automatic),79.9,1917.6,yes
Male,1,No,Yes,24,Yes,No,DSL,No,Yes,No,Yes,No,Yes,One year,No,Bank transfer (automatic),65.8,1580.2,no
Female,1,Yes,Yes,24,Yes,No,DSL,Yes,Yes,No,Yes,No,No,One year,No,Bank transfer (automatic),75.35,1808.4,no
Female,0,No,No,24,Yes,No,DSL,Yes,No,Yes,Yes,Yes,Yes,One year,No,Credit card (automatic),92.5,2220.0,yes
Female,0,No,Yes,24,Yes,No,DSL,Yes,Yes,No,Yes,Yes,No,One year,No,Credit card (automatic),72.5,1734.0,no
Female,0,Yes,Yes,24,Yes,Yes,Fiber optic,No,Yes,Yes,Yes,No,No,Two year,No,Bank transfer (automatic),89.5,2100.2,no
Female,1,Yes,Yes,24,Yes,Yes,DSL,Yes,Yes,No,Yes,No,No,Two year,No,Mailed check,75.75,1818.0,no
Male,0,Yes,Yes,12,Yes,Yes,Fiber optic,No,Yes,Yes,No,Yes,Yes,One year,No,Credit card (automatic),85.75,1029.0,no
Male,1,Yes,Yes,25,Yes,Yes,DSL,No,Yes,No,Yes,No,No,One year,No,Bank transfer (automatic),75.5,1890.5,no
Female,1,No,Yes,24,Yes,No,DSL,Yes,Yes,Yes,No,Yes,Yes,Two year,No,Credit card (automatic),85.45,2043.8,no
Female,0,No,Yes,24,Yes,No,DSL,Yes,Yes,Yes,Yes,Yes,No,One year,No,Credit card (automatic),84.3,2016.4,no
Female,1,No,Yes,45,Yes,No,Fiber optic,Yes,Yes,Yes,Yes,Yes,Yes,One year,Yes,Credit card (automatic),89.75,4038.75,no
Male,0,Yes,No,12,Yes,No,DSL,Yes,No,No,Yes,Yes,Yes,One year,No,Bank transfer (automatic),65.5,786.0,no
Male,1,No,Yes,45,Yes,Yes,DSL,Yes,Yes,No,No,Yes,Yes,One year,No,Credit card (automatic),91.5,4107.5,no
Male,1,Yes,No,5,Yes,No,Fiber optic,No,Yes,Yes,No,Yes,Yes,Month-to-month,Yes,Credit card (automatic),95.7,488.5,no
Female,0,Yes,Yes,24,Yes,Yes,Fiber optic,No,Yes,Yes,No,Yes,Yes,One year,Yes,Bank transfer (automatic),89.95,2145.8,no
Female,0,No,No,15,Yes,Yes,Fiber optic,No,Yes,Yes,Yes,Yes,Yes,Month-to-month,Yes,Credit card (automatic),98.65,1479.75,no
Female,1,No,No,24,Yes,No,DSL,Yes,Yes,No,Yes,Yes,No,Month-to-month,No,Electronic check,85.3,2047.2,yes
Female,1,Yes,Yes,45,Yes,Yes,Fiber optic,No,Yes,Yes,No,Yes,Yes,Two year,Yes,Credit card (automatic),105.5,4725.75,no
Male,1,Yes,Yes,24,Yes,Yes,Fiber optic,Yes,No,Yes,Yes,Yes,Yes,Two year,Yes,Bank transfer (automatic),99.85,2396.4,no
Male,1,Yes,Yes,45,Yes,No,DSL,No,Yes,No,No,No,No,One year,No,Bank transfer (automatic),65.3,2938.5,no
Male,1,Yes,Yes,20,Yes,Yes,DSL,Yes,Yes,No,No,No,Yes,Month-to-month,No,Mailed check,75.5,1510.0,yes
Female,1,Yes,No,20,Yes,No,DSL,Yes,No,No,Yes,No,Yes,One year,No,Credit card (automatic),65.3,1306.0,no
Female,0,Yes,Yes,15,Yes,No,DSL,Yes,Yes,No,No,No,Yes,One year,No,Credit card (automatic),75.5,1132.5,no
Male,1,No,No,15,Yes,No,Fiber optic,No,No,Yes,No,Yes,Yes,Month-to-month,Yes,Credit card (automatic),95.5,1455.75,yes
Male,1,Yes,Yes,24,Yes,Yes,Fiber optic,Yes,Yes,No,No,Yes,No,Two year,Yes,Credit card (automatic),89.9,2147.6,no
Male,1,Yes,Yes,60,Yes,No,DSL,Yes,Yes,No,Yes,No,Yes,One year,Yes,Bank transfer (automatic),75.5,4503.0,no
Female,1,No,No,15,Yes,Yes,Fiber optic,No,No,Yes,Yes,Yes,No,Month-to-month,No,Credit card (automatic),85.7,1285.5,yes
Female,1,No,No,24,Yes,No,Fiber optic,No,Yes,Yes,No,Yes,Yes,One year,Yes,Electronic check,89.5,2148.0,yes
Female,0,Yes,Yes,10,Yes,Yes,DSL,Yes,No,Yes,No,Yes,No,One year,No,Bank transfer (automatic),75.5,755.0,no
Female,1,Yes,Yes,12,Yes,Yes,DSL,Yes,No,Yes,No,Yes,No,Month-to-month,Yes,Electronic check,75.35,904.2,yes
Female,0,No,Yes,45,Yes,No,DSL,Yes,Yes,Yes,No,Yes,No,One year,No,Mailed check,65.5,2927.5,no
Male,1,Yes,Yes,24,Yes,Yes,Fiber optic,No,No,Yes,No,Yes,Yes,Month-to-month,Yes,Credit card (automatic),95.6,2294.4,yes
Female,1,No,No,24,Yes,Yes,Fiber optic,Yes,No,Yes,No,Yes,Yes,Two year,Yes,Credit card (automatic),89.85,2156.4,no
Male,1,No,Yes,48,Yes,Yes,Fiber optic,Yes,Yes,No,No,Yes,Yes,Two year,Yes,Credit card (automatic),89.95,4317.6,no
Female,1,Yes,Yes,45,Yes,Yes,Fiber optic,No,Yes,No,Yes,Yes,Yes,Two year,No,Bank transfer (automatic),104.5,4712.5,no
Male,1,Yes,Yes,58,Yes,No,Fiber optic,No,Yes,Yes,Yes,Yes,No,Two year,Yes,Credit card (automatic),95.6,5584.4,no
Male,1,Yes,No,12,Yes,Yes,Fiber optic,No,Yes,No,Yes,Yes,No,Month-to-month,Yes,Credit card (automatic),89.75,1077.0,yes
Female,1,No,No,12,Yes,Yes,DSL,No,Yes,No,Yes,No,Yes,Month-to-month,Yes,Electronic check,89.6,1075.2,yes
Male,1,No,Yes,48,Yes,No,DSL,Yes,Yes,No,Yes,Yes,No,One year,Yes,Credit card (automatic),74.95,3597.6,no
Female,1,No,No,24,Yes,Yes,DSL,Yes,No,Yes,No,Yes,No,Month-to-month,Yes,Credit card (automatic),85.5,2045.5,yes
Male,1,Yes,Yes,55,Yes,No,DSL,Yes,No,No,No,No,Yes,Month-to-month,Yes,Bank transfer (automatic),75.65,4160.75,yes
Male,1,Yes,Yes,12,No,No phone service,DSL,Yes,No,Yes,No,No,Yes,Month-to-month,Yes,Credit card (automatic),65.85,790.2,yes
Male,1,Yes,No,24,No,No phone service,DSL,Yes,No,Yes,No,Yes,No,Month-to-month,Yes,Credit card (automatic),65.75,1593.0,yes
Male,1,No,No,8,Yes,Yes,DSL,Yes,No,Yes,No,No,Yes,Month-to-month,Yes,Credit card (automatic),74.35,593.8,yes
Female,1,Yes,Yes,24,Yes,No,Fiber optic,Yes,Yes,No,Yes,Yes,Yes,One year,Yes,Credit card (automatic),95.4,2290.8,no
Female,1,No,No,24,Yes,Yes,DSL,Yes,Yes,No,Yes,No,No,One year,No,Credit card (automatic),75.35,1808.4,no
Male,1,No,No,24,Yes,Yes,Fiber optic,Yes,Yes,No,Yes,Yes,No,Month-to-month,Yes,Bank transfer (automatic),85.3,2047.2,yes
Female,1,Yes,Yes,12,Yes,Yes,DSL,No,No,No,No,No,No,Month-to-month,Yes,Bank transfer (automatic),75.5,906.0,yes
Male,0,Yes,Yes,24,Yes,Yes,DSL,Yes,Yes,Yes,No,No,No,One year,Yes,Credit card (automatic),74.3,1783.2,no
Female,1,Yes,Yes,48,Yes,Yes,DSL,Yes,Yes,No,Yes,Yes,Yes,Two year,Yes,Credit card (automatic),89.75,4308.6,no
Female,1,Yes,Yes,24,Yes,Yes,DSL,Yes,No,Yes,Yes,Yes,Yes,Two year,No,Credit card (automatic),89.75,2154.0,no
Male,1,No,No,24,Yes,No,Fiber optic,Yes,Yes,Yes,No,No,Yes,One year,No,Bank transfer (automatic),89.65,2103.6,yes
Male,1,Yes,Yes,12,Yes,Yes,Fiber optic,No,Yes,Yes,No,Yes,Yes,Month-to-month,Yes,Electronic check,99.35,1221.7,yes
Female,0,No,Yes,24,Yes,No,DSL,Yes,No,Yes,Yes,No,No,One year,Yes,Credit card (automatic),60.25,1446.0,no
Male,1,Yes,Yes,24,Yes,No,DSL,No,Yes,Yes,Yes,Yes,No,One year,No,Mailed check,84.5,2016.0,no
Female,1,Yes,Yes,42,Yes,Yes,Fiber optic,No,Yes,No,No,Yes,No,Two year,No,Credit card (automatic),99.85,4172.5,no
Female,1,No,No,15,Yes,No,Fiber optic,No,Yes,No,Yes,Yes,Yes,Month-to-month,Yes,Credit card (automatic),95.6,1434.0,yes
Female,1,No,No,12,Yes,Yes,DSL,Yes,Yes,No,Yes,No,Yes,One year,No,Credit card (automatic),75.6,907.2,no
Male,0,Yes,Yes,24,Yes,Yes,DSL,No,No,Yes,No,Yes,Yes,Two year,No,Credit card (automatic),95.5,2283.6,no
Male,1,Yes,Yes,12,Yes,Yes,DSL,Yes,Yes,No,No,No,No,Month-to-month,Yes,Credit card (automatic),70.35,844.2,yes
Male,1,No,Yes,12,Yes,No,DSL,No,Yes,Yes,No,No,No,Month-to-month,Yes,Credit card (automatic),78.3,939.6,no
Male,1,No,Yes,21,Yes,No,DSL,Yes,No,No,No,No,Yes,Month-to-month,Yes,Credit card (automatic),75.5,1578.0,yes
Male,1,Yes,Yes,45,Yes,Yes,DSL,No,Yes,No,Yes,Yes,Yes,Two year,No,Credit card (automatic),105.2,4673.15,no
Female,1,No,Yes,24,Yes,No,DSL,Yes,Yes,Yes,No,No,Yes,One year,No,Bank transfer (automatic),78.9,1893.6,no
Female,1,Yes,Yes,24,Yes,Yes,DSL,Yes,Yes,Yes,Yes,Yes,No,Two year,No,Credit card (automatic),85.0,2040.0,No
Female,0,Yes,Yes,48,Yes,Yes,Fiber optic,No,Yes,Yes,No,Yes,Yes,One year,Yes,Bank transfer (automatic),95.3,4585.6,no
Female,0,No,No,12,Yes,Yes,DSL,Yes,Yes,No,Yes,No,No,One year,No,Mailed check,65.75,789.0,no
Female,0,Yes,Yes,45,Yes,Yes,DSL,Yes,No,No,Yes,No,No,One year,No,Credit card (automatic),79.35,3570.75,no
Female,0,No,Yes,24,Yes,No,DSL,Yes,Yes,Yes,No,No,Yes,One year,No,Bank transfer (automatic),79.85,1896.15,no
Male,1,Yes,Yes,12,Yes,No,Fiber optic,No,No,Yes,Yes,Yes,Yes,One year,No,Credit card (automatic),99.85,1198.2,no
Female,0,Yes,No,12,Yes,Yes,DSL,Yes,No,Yes,No,No,Yes,One year,Yes,Credit card (automatic),75.3,903.6,no
Male,1,Yes,Yes,24,Yes,No,DSL,No,Yes,Yes,No,Yes,No,One year,No,Bank transfer (automatic),65.25,1566.0,no
Female,1,Yes,Yes,45,Yes,Yes,Fiber optic,Yes,Yes,Yes,No,No,Yes,Two year,No,Mailed check,95.75,4318.0,no
Female,1,No,No,12,Yes,Yes,DSL,Yes,Yes,No,Yes,Yes,Yes,One year,No,Credit card (automatic),85.5,1026.0,No
Male,1,Yes,Yes,24,Yes,No,Fiber optic,Yes,No,No,No,Yes,No,Month-to-month,Yes,Bank transfer (automatic),75.5,1812.0,yes
Female,1,Yes,Yes,12,Yes,Yes,DSL,Yes,No,Yes,No,Yes,No,One year,Yes,Bank transfer (automatic),75.45,905.4,no
Female,0,No,No,12,Yes,No,DSL,Yes,No,No,Yes,Yes,Yes,One year,No,Credit card (automatic),70.95,851.4,yes
Female,1,Yes,Yes,42,Yes,No,DSL,Yes,No,Yes,Yes,Yes,No,One year,No,Credit card (automatic),89.65,3765.3,no
Male,1,No,Yes,15,Yes,Yes,DSL,Yes,Yes,No,Yes,Yes,No,One year,No,Bank transfer (automatic),85.65,1284.75,no
Male,1,Yes,Yes,12,Yes,No,Fiber optic,No,Yes,Yes,No,Yes,Yes,Month-to-month,Yes,Credit card (automatic),99.85,1198.2,yes
Male,1,Yes,Yes,24,Yes,Yes,DSL,Yes,Yes,No,No,No,Yes,Month-to-month,No,Credit card (automatic),85.5,2052.0,yes
Male,1,Yes,Yes,24,Yes,Yes,DSL,Yes,Yes,Yes,Yes,No,No,One year,Yes,Credit card (automatic),75.95,1822.8,no
Female,1,No,No,24,Yes,Yes,DSL,Yes,Yes,No,Yes,No,No,One year,No,Credit card (automatic),75.5,1812.0,no
Male,0,Yes,Yes,42,Yes,No,Fiber optic,Yes,Yes,Yes,No,Yes,Yes,Two year,Yes,Bank transfer (automatic),95.7,4023.1,no
Female,1,Yes,Yes,48,Yes,Yes,DSL,Yes,No,Yes,Yes,Yes,No,One year,Yes,Credit card (automatic),85.65,4108.8,no
Female,1,Yes,Yes,12,Yes,No,DSL,Yes,No,Yes,No,Yes,Yes,One year,Yes,Electronic check,75.5,906.0,no
Male,1,No,No,12,Yes,No,DSL,Yes,No,Yes,No,No,No,One year,No,Mailed check,55.85,670.2,yes
Male,1,Yes,Yes,23,Yes,No,DSL,No,Yes,No,Yes,Yes,No,Month-to-month,Yes,Credit card (automatic),79.85,1837.55,yes
Male,0,Yes,Yes,24,Yes,Yes,DSL,Yes,No,Yes,No,Yes,No,Two year,No,Bank transfer (automatic),75.6,1814.4,no
Male,0,Yes,Yes,12,Yes,No,DSL,Yes,Yes,No,Yes,Yes,Yes,One year,No,Bank transfer (automatic),89.25,1071.0,no
Female,1,No,No,12,Yes,Yes,DSL,No,Yes,Yes,Yes,Yes,Yes,One year,No,Credit card (automatic),89.1,1070.2,no
Female,1,Yes,Yes,58,Yes,Yes,Fiber optic,Yes,No,Yes,No,Yes,Yes,Month-to-month,Yes,Electronic check,104.35,6132.3,yes
Male,0,Yes,Yes,12,Yes,No,DSL,No,No,Yes,No,No,Yes,One year,No,Bank transfer (automatic),75.3,903.6,no
Male,1,No,Yes,48,Yes,No,DSL,Yes,No,Yes,No,No,Yes,One year,No,Credit card (automatic),79.95,3837.6,no
Female,1,No,No,24,Yes,No,DSL,No,Yes,No,No,No,Yes,Month-to-month,Yes,Electronic check,58.95,1414.8,yes
Male,1,Yes,Yes,24,Yes,No,DSL,No,Yes,Yes,Yes,Yes,No,One year,No,Credit card (automatic),84.5,2038.0,no
Female,1,Yes,No,12,Yes,No,Fiber optic,Yes,No,Yes,No,Yes,Yes,One year,Yes,Credit card (automatic),95.6,1147.2,no
Male,0,Yes,Yes,24,Yes,Yes,Fiber optic,Yes,No,No,No,Yes,Yes,Two year,No,Credit card (automatic),95.6,2294.4,no
Male,1,No,No,12,Yes,Yes,Fiber optic,Yes,No,No,Yes,No,No,Month-to-month,Yes,Bank transfer (automatic),85.5,1026.0,yes
Male,1,No,No,24,Yes,No,DSL,No,No,No,No,Yes,No,Month-to-month,Yes,Credit card (automatic),75.35,1808.4,yes
Male,0,Yes,Yes,15,Yes,Yes,DSL,No,Yes,Yes,No,Yes,Yes,One year,Yes,Credit card (automatic),89.35,1340.25,no
Female,1,Yes,Yes,24,Yes,Yes,DSL,Yes,No,Yes,No,Yes,Yes,One year,Yes,Credit card (automatic),75.5,1812.0,no
Male,1,Yes,Yes,24,Yes,Yes,DSL,Yes,Yes,Yes,No,Yes,Yes,Two year,No,Bank transfer (automatic),85.5,2052.0,no
Female,1,Yes,No,12,Yes,Yes,DSL,Yes,No,No,Yes,No,Yes,One year,No,Credit card (automatic),72.3,864.6,no
Male,1,Yes,Yes,45,Yes,Yes,Fiber optic,No,Yes,Yes,No,Yes,Yes,Two year,Yes,Credit card (automatic),98.4,4428.0,no
Male,1,No,Yes,8,Yes,Yes,Fiber optic,Yes,Yes,No,Yes,Yes,Yes,One year,No,Bank transfer (automatic),95.75,765.0,yes
Male,1,No,No,12,Yes,Yes,DSL,No,Yes,No,No,Yes,Yes,One year,No,Credit card (automatic),75.35,904.2,yes
Male,1,No,No,24,Yes,Yes,Fiber optic,No,Yes,Yes,No,Yes,Yes,Month-to-month,Yes,Credit card (automatic),95.75,2298.0,yes
Female,1,Yes,Yes,5,Yes,Yes,Fiber optic,Yes,Yes,Yes,No,Yes,Yes,Two year,Yes,Credit card (automatic),95.5,477.5,no
Female,1,No,No,12,Yes,No,Fiber optic,No,Yes,No,Yes,No,Yes,Month-to-month,Yes,Electronic check,95.3,1143.6,yes
Female,1,No,Yes,12,Yes,Yes,DSL,No,Yes,Yes,Yes,Yes,No,Two year,No,Credit card (automatic),85.0,1020.0,yes
Male,1,Yes,Yes,45,Yes,Yes,Fiber optic,No,Yes,Yes,No,Yes,Yes,Two year,No,Credit card (automatic),98.3,4419.6,no
Female,1,No,Yes,15,Yes,Yes,DSL,Yes,No,Yes,No,Yes,No,One year,Yes,Credit card (automatic),75.35,1125.25,no
Male,1,No,No,12,Yes,No,DSL,Yes,No,Yes,No,No,Yes,Two year,No,Bank transfer (automatic),76.95,923.4,no
Male,1,No,No,22,Yes,Yes,Fiber optic,Yes,Yes,Yes,Yes,Yes,Yes,Two year,Yes,Credit card (automatic),105.7,2345.4,no
Male,1,No,Yes,15,Yes,No,DSL,Yes,Yes,No,Yes,Yes,No,One year,Yes,Credit card (automatic),75.5,1132.5,no
Male,1,Yes,Yes,24,Yes,Yes,DSL,Yes,No,Yes,No,No,Yes,One year,Yes,Credit card (automatic),85.5,2047.5,no
Female,0,Yes,Yes,12,Yes,No,DSL,Yes,No,No,Yes,Yes,Yes,One year,No,Bank transfer (automatic),70.9,850.8,no
Female,1,Yes,Yes,12,Yes,Yes,DSL,No,No,No,No,No,No,Month-to-month,Yes,Electronic check,55.35,664.2,yes
Female,0,No,Yes,24,Yes,No,Fiber optic,Yes,No,No,Yes,No,No,Two year,No,Credit card (automatic),89.6,2145.6,yes
Male,0,Yes,Yes,24,Yes,Yes,DSL,No,Yes,Yes,Yes,Yes,No,One year,Yes,Credit card (automatic),85.95,2054.8,no
Male,1,No,Yes,24,Yes,No,Fiber optic,No,Yes,Yes,No,Yes,Yes,One year,No,Credit card (automatic),89.75,2145.0,no
Male,0,No,Yes,24,Yes,Yes,DSL,No,Yes,No,No,No,Yes,One year,No,Credit card (automatic),75.5,1806.0,no
Female,1,Yes,Yes,12,Yes,Yes,Fiber optic,Yes,No,Yes,No,Yes,No,Month-to-month,Yes,Credit card (automatic),89.75,1077.0,yes
Female,1,No,Yes,8,Yes,Yes,Fiber optic,No,Yes,Yes,No,Yes,Yes,One year,Yes,Electronic check,94.2,753.6,yes
Female,1,No,No,8,Yes,Yes,DSL,Yes,Yes,No,Yes,No,Yes,One year,No,Credit card (automatic),70.95,567.6,yes
Male,1,Yes,Yes,56,Yes,Yes,Fiber optic,Yes,Yes,No,No,No,Yes,Two year,No,Bank transfer (automatic),94.35,5263.4,no
Male,0,Yes,No,12,Yes,No,DSL,Yes,No,Yes,No,No,No,One year,No,Credit card (automatic),59.9,718.8,No
Female,1,Yes,Yes,45,Yes,No,DSL,No,Yes,No,Yes,No,No,One year,No,Bank transfer (automatic),76.65,3457.85,no
Male,0,No,Yes,12,Yes,Yes,Fiber optic,No,Yes,No,Yes,Yes,No,Month-to-month,No,Credit card (automatic),89.75,1077.0,yes
Female,1,Yes,Yes,26,Yes,Yes,DSL,Yes,Yes,No,Yes,No,Yes,One year,No,Credit card (automatic),75.5,1963.5,no
Male,1,Yes,Yes,20,No,No,Fiber optic,No,Yes,Yes,Yes,No,No,Two year,No,Bank transfer (automatic),95.5,1910.0,no
Female,1,No,No,5,Yes,Yes,DSL,Yes,No,Yes,No,Yes,No,One year,Yes,Credit card (automatic),79.85,399.25,yes
Male,1,No,No,30,Yes,Yes,Fiber optic,No,Yes,No,No,Yes,No,Month-to-month,Yes,Credit card (automatic),95.5,2865.0,yes
Male,1,Yes,Yes,60,Yes,Yes,DSL,Yes,Yes,No,No,No,Yes,Two year,No,Bank transfer (automatic),85.5,5130.0,no
Female,1,Yes,Yes,36,No,No phone service,DSL,No,Yes,No,Yes,Yes,Yes,Two year,Yes,Credit card (automatic),89.5,3210.0,no
Male,0,No,Yes,15,Yes,No,DSL,Yes,Yes,No,Yes,No,No,One year,Yes,Credit card (automatic),68.4,1026.0,yes
Female,1,Yes,Yes,12,Yes,Yes,Fiber optic,No,Yes,Yes,No,Yes,No,One year,Yes,Credit card (automatic),95.7,1148.4,no
Female,1,Yes,No,62,Yes,Yes,DSL,Yes,No,Yes,No,Yes,No,Two year,No,Credit card (automatic),75.8,4689.6,no
Male,0,Yes,No,12,Yes,No,DSL,Yes,Yes,No,Yes,Yes,No,One year,No,Credit card (automatic),65.75,789.0,no
Male,1,No,No,12,Yes,Yes,Fiber optic,No,Yes,No,No,Yes,No,Month-to-month,Yes,Credit card (automatic),95.7,1148.4,yes
Male,1,No,Yes,24,No,No,Fiber optic,Yes,No,No,Yes,Yes,No,Month-to-month,No,Credit card (automatic),85.3,2047.2,yes
Male,0,No,Yes,24,Yes,No,DSL,Yes,Yes,No,Yes,No,No,Month-to-month,No,Bank transfer (automatic),75.3,1807.2,yes
Female,1,Yes,Yes,24,Yes,Yes,Fiber optic,Yes,Yes,No,No,Yes,Yes,Month-to-month,Yes,Credit card (automatic),95.75,2298.0,yes
Female,1,No,Yes,15,Yes,No,DSL,Yes,Yes,No,Yes,No,Yes,One year,No,Bank transfer (automatic),65.75,986.25,no
Male,1,Yes,Yes,24,Yes,No,Fiber optic,No,No,Yes,No,Yes,Yes,Month-to-month,No,Credit card (automatic),89.9,2157.6,yes
Female,0,No,Yes,36,Yes,No,DSL,Yes,No,Yes,Yes,No,No,Month-to-month,No,Electronic check,64.9,2346.4,yes
Female,1,Yes,Yes,24,Yes,Yes,Fiber optic,Yes,Yes,Yes,Yes,Yes,No,Two year,No,Credit card (automatic),104.35,2504.35,no
Female,1,No,Yes,24,Yes,No,DSL,Yes,Yes,No,Yes,No,Yes,One year,No,Credit card (automatic),76.3,1831.2,no
Female,1,Yes,Yes,24,No,No,DSL,No,Yes,No,Yes,No,No,One year,No,Credit card (automatic),53.85,1292.4,no
Female,1,Yes,Yes,34,Yes,Yes,Fiber optic,Yes,Yes,Yes,Yes,Yes,Yes,Two year,No,Credit card (automatic),104.5,3563.5,no
Male,1,No,Yes,35,Yes,Yes,Fiber optic,Yes,Yes,No,Yes,Yes,Yes,Two year,No,Bank transfer (automatic),95.5,3457.5,no
Female,1,No,Yes,24,Yes,Yes,DSL,No,Yes,Yes,No,Yes,Yes,Month-to-month,Yes,Credit card (automatic),95.5,2292.0,yes
Male,1,Yes,Yes,36,Yes,No,Fiber optic,Yes,No,Yes,Yes,Yes,Yes,Two year,No,Bank transfer (automatic),99.75,3591.0,no
Male,1,Yes,Yes,12,Yes,Yes,DSL,Yes,Yes,Yes,No,Yes,No,One year,No,Credit card (automatic),99.5,1194.0,no
Male,1,Yes,Yes,45,Yes,Yes,DSL,Yes,No,Yes,No,No,Yes,One year,Yes,Bank transfer (automatic),74.35,3339.75,no
Male,1,No,No,15,Yes,Yes,DSL,Yes,No,Yes,No,No,Yes,Month-to-month,Yes,Credit card (automatic),75.3,1129.5,yes
Female,0,Yes,Yes,24,Yes,Yes,DSL,Yes,Yes,Yes,No,No,Yes,Two year,No,Credit card (automatic),89.5,2148.0,no
Female,0,No,Yes,12,Yes,Yes,DSL,Yes,Yes,Yes,No,No,Yes,One year,Yes,Credit card (automatic),85.5,1026.0,no
Female,1,Yes,Yes,45,Yes,Yes,DSL,No,Yes,Yes,Yes,Yes,No,Two year,No,Bank transfer (automatic),75.35,3380.75,no
Male,1,Yes,Yes,45,Yes,No,DSL,Yes,Yes,Yes,No,No,Yes,One year,No,Credit card (automatic),75.5,3375.0,no
Male,1,Yes,No,15,Yes,No,Fiber optic,Yes,Yes,No,No,No,Yes,One year,No,Bank transfer (automatic),89.65,1344.75,yes
Female,1,Yes,Yes,58,Yes,Yes,Fiber optic,Yes,No,Yes,No,Yes,Yes,Two year,No,Bank transfer (automatic),89.85,5053.3,no
Male,1,No,No,12,Yes,No,DSL,Yes,No,Yes,No,Yes,No,One year,No,Credit card (automatic),75.25,903.0,yes
Male,1,No,No,8,Yes,Yes,Fiber optic,No,Yes,No,No,Yes,Yes,Month-to-month,Yes,Credit card (automatic),99.65,787.6,yes
Male,1,Yes,Yes,24,Yes,No,DSL,Yes,Yes,Yes,No,Yes,No,Two year,No,Credit card (automatic),85.3,2047.2,no
Female,1,No,No,24,Yes,Yes,Fiber optic,No,Yes,Yes,No,No,Yes,One year,No,Credit card (automatic),85.5,2052.0,no
Male,1,Yes,Yes,12,Yes,Yes,DSL,No,No,Yes,Yes,No,Yes,Month-to-month,No,Mailed check,70.45,845.4,yes
Female,1,Yes,No,24,No,No,Fiber optic,Yes,Yes,Yes,Yes,Yes,Yes,Two year,Yes,Credit card (automatic),98.5,2364.0,no
Male,1,No,Yes,15,Yes,No,Fiber optic,No,No,Yes,No,Yes,Yes,Month-to-month,Yes,Electronic check,95.7,1425.5,yes
Male,1,Yes,Yes,12,Yes,No,DSL,Yes,Yes,No,No,Yes,No,One year,Yes,Electronic check,64.3,771.6,no
Female,1,Yes,No,12,Yes,Yes,DSL,Yes,Yes,Yes,No,Yes,No,One year,No,Mailed check,65.85,789.6,no
Male,1,Yes,No,12,Yes,No,DSL,Yes,Yes,No,No,Yes,No,One year,No,Credit card (automatic),65.1,781.2,no
Female,0,No,Yes,24,Yes,No,DSL,Yes,Yes,Yes,No,Yes,No,One year,No,Credit card (automatic),65.2,1564.8,no
Male,0,Yes,Yes,36,Yes,Yes,DSL,Yes,Yes,Yes,Yes,No,No,One year,No,Credit card (automatic),75.4,2714.4,no
Female,1,No,No,12,Yes,No,DSL,Yes,Yes,No,No,Yes,Yes,Month-to-month,Yes,Bank transfer (automatic),85.5,1026.0,yes
Female,1,Yes,Yes,45,Yes,Yes,DSL,No,No,Yes,No,No,Yes,Month-to-month,Yes,Electronic check,85.35,3840.75,yes
Male,1,Yes,Yes,45,Yes,Yes,Fiber optic,No,Yes,No,Yes,Yes,Yes,One year,Yes,Credit card (automatic),99.85,4493.25,no
Female,1,Yes,Yes,45,Yes,No,DSL,No,Yes,Yes,No,Yes,Yes,One year,Yes,Credit card (automatic),75.5,3374.5,no
Female,1,Yes,Yes,45,Yes,No,Fiber optic,Yes,Yes,Yes,Yes,Yes,Yes,One year,Yes,Credit card (automatic),99.99,4499.55,no
Male,1,Yes,Yes,36,No,No,DSL,Yes,Yes,Yes,Yes,Yes,Yes,Two year,Yes,Credit card (automatic),89.6,3225.6,No
Female,1,Yes,Yes,45,Yes,No,DSL,No,Yes,No,Yes,No,No,Two year,Yes,Credit card (automatic),65.45,2990.5,no
Male,1,Yes,Yes,60,Yes,Yes,Fiber optic,Yes,Yes,No,No,Yes,Yes,Two year,No,Bank transfer (automatic),92.75,5565.5,no
Female,1,Yes,Yes,24,Yes,Yes,Fiber optic,No,No,No,No,No,Yes,Month-to-month,No,Credit card (automatic),95.5,2292.0,yes
Male,1,No,No,5,Yes,Yes,Fiber optic,No,Yes,Yes,No,Yes,No,One year,Yes,Credit card (automatic),90.5,450.75,yes
Female,1,Yes,Yes,45,No,No phone service,DSL,Yes,Yes,Yes,No,Yes,Yes,Two year,No,Credit card (automatic),89.1,3925.5,no
Female,1,Yes,No,48,Yes,Yes,Fiber optic,No,No,No,No,Yes,Yes,Two year,No,Bank transfer (automatic),95.75,4562.5,no
Male,1,No,Yes,10,Yes,Yes,DSL,Yes,No,Yes,Yes,Yes,No,One year,No,Credit card (automatic),75.5,755.0,no
Female,0,No,Yes,12,Yes,No,DSL,Yes,No,Yes,No,No,No,One year,No,Credit card (automatic),59.9,728.8,no
Female,1,Yes,Yes,48,Yes,No,DSL,No,Yes,Yes,Yes,No,Yes,Two year,No,Bank transfer (automatic),75.5,3624.0,no
Female,1,No,No,12,Yes,No,Fiber optic,No,Yes,Yes,No,Yes,Yes,Month-to-month,Yes,Electronic check,89.9,1078.8,yes
Female,1,Yes,No,15,Yes,Yes,Fiber optic,No,No,Yes,No,Yes,Yes,Month-to-month,Yes,Credit card (automatic),89.65,1344.75,yes
Female,1,Yes,Yes,23,Yes,No,DSL,No,Yes,Yes,No,No,Yes,Month-to-month,Yes,Electronic check,76.85,1770.55,yes
Female,1,No,No,24,Yes,Yes,DSL,Yes,Yes,No,No,No,Yes,One year,Yes,Credit card (automatic),75.4,1809.6,no
Female,1,Yes,Yes,24,No,No,DSL,No,Yes,Yes,Yes,No,No,One year,Yes,Credit card (automatic),75.3,1807.2,no
Male,1,Yes,Yes,22,Yes,No,DSL,Yes,No,Yes,Yes,No,Yes,One year,No,Bank transfer (automatic),75.6,1663.2,no
Female,1,No,Yes,18,Yes,Yes,DSL,No,Yes,Yes,No,Yes,Yes,One year,No,Credit card (automatic),89.75,1615.5,no
Female,1,No,Yes,24,Yes,Yes,DSL,No,Yes,Yes,Yes,Yes,No,Month-to-month,No,Bank transfer (automatic),74.9,1823.6,no
Female,1,Yes,No,15,Yes,Yes,Fiber optic,No,No,Yes,No,Yes,Yes,Month-to-month,Yes,Credit card (automatic),89.75,1346.25,yes
Female,0,Yes,Yes,45,Yes,No,DSL,Yes,No,No,Yes,Yes,Yes,Two year,No,Bank transfer (automatic),69.95,3147.75,no
Male,1,No,No,12,Yes,Yes,Fiber optic,No,Yes,Yes,No,Yes,Yes,Month-to-month,Yes,Electronic check,104.4,1252.8,yes
Male,0,Yes,Yes,24,Yes,Yes,DSL,Yes,Yes,Yes,No,No,No,One year,No,Credit card (automatic),75.8,1820.4,no
Male,1,Yes,Yes,24,Yes,Yes,Fiber optic,No,No,Yes,Yes,Yes,Yes,One year,Yes,Bank transfer (automatic),98.75,2370.0,yes
Female,1,Yes,Yes,55,Yes,Yes,DSL,Yes,Yes,Yes,No,Yes,No,Month-to-month,Yes,Electronic check,85.3,4678.5,yes
Female,1,No,Yes,24,Yes,No,DSL,Yes,Yes,Yes,No,Yes,Yes,Two year,No,Credit card (automatic),89.75,2154.0,no
Female,1,No,No,24,Yes,Yes,Fiber optic,No,No,Yes,No,No,Yes,Month-to-month,Yes,Credit card (automatic),89.5,2148.0,yes
Male,1,Yes,Yes,24,Yes,Yes,DSL,Yes,No,Yes,No,Yes,No,One year,No,Credit card (automatic),75.3,1807.2,no
Female,1,Yes,Yes,48,Yes,Yes,DSL,Yes,No,No,Yes,Yes,Yes,Two year,No,Credit card (automatic),89.99,4319.52,no
Male,1,Yes,Yes,24,Yes,No,DSL,No,No,No,No,No,Yes,Month-to-month,Yes,Credit card (automatic),85.65,2058.6,yes
Male,1,No,No,12,Yes,Yes,DSL,Yes,No,No,No,Yes,Yes,One year,Yes,Credit card (automatic),75.35,902.4,yes
Female,1,Yes,Yes,30,Yes,Yes,Fiber optic,Yes,No,Yes,Yes,Yes,Yes,Two year,No,Credit card (automatic),99.2,2976.0,no
Female,1,Yes,Yes,12,Yes,Yes,DSL,Yes,Yes,Yes,No,Yes,No,One year,Yes,Credit card (automatic),89.5,1074.0,No
Female,1,Yes,Yes,24,Yes,Yes,DSL,Yes,No,Yes,No,Yes,No,One year,No,Credit card (automatic),85.2,2044.8,no
Male,1,Yes,Yes,45,Yes,Yes,Fiber optic,Yes,Yes,No,Yes,Yes,Yes,Two year,Yes,Credit card (automatic),99.85,4473.25,No
Male,1,Yes,Yes,12,Yes,Yes,DSL,No,Yes,No,Yes,No,No,One year,No,Bank transfer (automatic),75.5,906.0,no
Male,1,Yes,Yes,12,Yes,Yes,DSL,Yes,Yes,Yes,Yes,Yes,No,One year,No,Credit card (automatic),65.0,780.0,No
Female,1,No,No,36,Yes,Yes,Fiber optic,Yes,Yes,No,No,Yes,Yes,Two year,No,Credit card (automatic),94.5,3402.0,no
Male,1,No,No,15,Yes,No,DSL,Yes,No,Yes,Yes,No,Yes,One year,No,Credit card (automatic),76.2,1143.0,no
Male,0,No,Yes,24,Yes,No,Fiber optic,No,Yes,No,No,Yes,No,Month-to-month,Yes,Electronic check,85.9,2058.4,yes
Female,0,Yes,Yes,24,Yes,No,Fiber optic,No,Yes,Yes,Yes,Yes,No,One year,Yes,Credit card (automatic),95.85,2297.6,no
Male,1,Yes,Yes,24,No,No,DSL,Yes,Yes,No,No,Yes,Yes,One year,No,Mailed check,65.95,1582.8,no
Female,1,No,Yes,24,Yes,No,DSL,Yes,No,No,No,No,Yes,Month-to-month,Yes,Credit card (automatic),75.4,1809.6,yes
Male,1,No,No,2,Yes,No,DSL,Yes,Yes,Yes,No,No,No,Month-to-month,Yes,Credit card (automatic),70.5,141.0,yes
Male,1,No,No,24,Yes,No,DSL,No,Yes,Yes,Yes,Yes,Yes,Month-to-month,Yes,Credit card (automatic),95.7,2296.8,yes
Male,1,Yes,Yes,24,Yes,Yes,DSL,Yes,Yes,No,Yes,Yes,Yes,Two year,Yes,Credit card (automatic),89.45,2146.8,no
Male,1,No,No,25,Yes,Yes,DSL,Yes,Yes,No,Yes,No,No,One year,No,Credit card (automatic),75.5,1887.5,no
Female,1,No,Yes,24,Yes,Yes,Fiber optic,No,No,Yes,No,Yes,Yes,Month-to-month,No,Credit card (automatic),99.9,2397.6,yes
Male,1,No,Yes,24,Yes,No,DSL,No,No,Yes,Yes,No,Yes,Month-to-month,Yes,Electronic check,59.85,1436.4,yes
Female,1,Yes,Yes,24,Yes,Yes,DSL,No,Yes,No,Yes,No,Yes,One year,Yes,Electronic check,75.5,1800.0,no
Male,1,No,No,24,Yes,Yes,Fiber optic,Yes,Yes,Yes,No,Yes,No,One year,Yes,Credit card (automatic),90.15,2163.6,no
Male,1,Yes,Yes,24,Yes,Yes,DSL,Yes,No,No,Yes,Yes,Yes,Two year,Yes,Credit card (automatic),85.5,2052.0,no
Female,1,Yes,Yes,24,Yes,No,Fiber optic,Yes,Yes,No,Yes,No,Yes,Month-to-month,No,Credit card (automatic),95.5,2334.0,yes
Male,1,No,Yes,42,Yes,No,Fiber optic,Yes,Yes,No,Yes,No,Yes,Two year,Yes,Credit card (automatic),89.65,3788.8,no
Female,1,Yes,Yes,24,Yes,No,Fiber optic,Yes,Yes,No,Yes,Yes,Yes,One year,Yes,Credit card (automatic),89.95,2158.8,no
Female,1,No,No,36,Yes,No,DSL,No,Yes,No,No,No,Yes,Month-to-month,Yes,Electronic check,75.35,2712.6,yes
Male,1,No,Yes,5,No,No,DSL,Yes,Yes,No,Yes,Yes,No,One year,Yes,Credit card (automatic),78.45,392.25,no
Male,0,Yes,Yes,24,Yes,No,Fiber optic,Yes,No,No,Yes,No,Yes,One year,No,Credit card (automatic),85.15,2043.6,no
Female,0,No,Yes,24,Yes,No,DSL,Yes,No,No,Yes,Yes,No,One year,No,Credit card (automatic),72.15,1731.6,no
Male,0,No,Yes,15,Yes,No,DSL,No,No,No,No,Yes,No,Month-to-month,Yes,Bank transfer (automatic),75.2,1152.1,yes
Female,1,Yes,Yes,24,Yes,Yes,Fiber optic,Yes,Yes,Yes,No,Yes,Yes,Month-to-month,Yes,Credit card (automatic),99.85,2396.4,yes
Male,1,No,No,24,Yes,Yes,DSL,Yes,Yes,Yes,No,No,No,Month-to-month,Yes,Credit card (automatic),65.4,1569.6,yes
Male,1,Yes,Yes,58,Yes,Yes,Fiber optic,No,Yes,Yes,Yes,Yes,Yes,Two year,No,Credit card (automatic),104.2,6044.6,no
Female,0,No,Yes,24,No,No phone service,DSL,Yes,Yes,No,Yes,Yes,Yes,One year,Yes,Bank transfer (automatic),85.75,2058.0,no
Female,1,No,No,24,Yes,Yes,Fiber optic,Yes,No,Yes,No,Yes,Yes,Month-to-month,Yes,Credit card (automatic),94.75,2254.0,yes
Male,0,Yes,Yes,36,Yes,Yes,DSL,Yes,Yes,Yes,No,No,No,One year,No,Credit card (automatic),75.4,2705.6,no
Female,1,Yes,Yes,24,Yes,No,DSL,Yes,Yes,No,Yes,No,Yes,One year,No,Bank transfer (automatic),69.85,1687.5,No
Male,1,No,Yes,36,Yes,Yes,DSL,Yes,Yes,Yes,No,Yes,No,One year,No,Bank transfer (automatic),85.65,3083.4,no
Male,1,Yes,Yes,24,Yes,No,DSL,No,Yes,No,No,No,Yes,One year,Yes,Credit card (automatic),79.5,1929.0,no
Male,1,No,No,24,Yes,No,DSL,Yes,No,Yes,No,Yes,No,One year,No,Credit card (automatic),75.5,1812.0,yes
Female,0,No,No,12,Yes,No,DSL,Yes,No,No,Yes,No,No,One year,Yes,Credit card (automatic),65.3,783.6,no
Male,1,No,No,24,Yes,No,DSL,Yes,No,Yes,No,Yes,No,Two year,No,Credit card (automatic),75.85,1820.4,no
Female,1,No,No,24,Yes,Yes,DSL,No,Yes,No,No,No,Yes,One year,Yes,Credit card (automatic),85.5,2052.0,no
Female,1,No,No,24,Yes,Yes,DSL,Yes,Yes,No,Yes,Yes,No,One year,Yes,Credit card (automatic),84.3,2015.2,no
Male,1,Yes,Yes,24,Yes,Yes,DSL,Yes,Yes,No,Yes,Yes,Yes,One year,Yes,Credit card (automatic),89.5,2136.0,no
Male,1,Yes,No,18,Yes,Yes,Fiber optic,No,No,Yes,No,Yes,Yes,Month-to-month,Yes,Credit card (automatic),95.6,1710.8,yes
Female,0,Yes,Yes,42,Yes,Yes,DSL,Yes,No,No,Yes,No,No,One year,No,Credit card (automatic),79.5,3339.0,no
Female,1,Yes,Yes,24,Yes,Yes,DSL,Yes,Yes,No,No,Yes,No,Two year,Yes,Credit card (automatic),89.15,2139.6,no
Female,0,Yes,Yes,12,Yes,Yes,DSL,Yes,Yes,No,No,Yes,No,One year,No,Credit card,85.45,1025.4,no
Female,0,Yes,Yes,24,Yes,No,DSL,Yes,Yes,Yes,No,No,No,One year,No,Credit card (automatic),75.2,1804.8,no
Female,1,Yes,No,12,Yes,Yes,Fiber optic,No,No,No,No,Yes,Yes,Two year,No,Credit card (automatic),89.75,1047.0,no
Female,1,No,No,24,Yes,Yes,Fiber optic,No,Yes,No,Yes,Yes,No,Month-to-month,Yes,Electronic check,89.1,2138.4,yes
Male,1,No,Yes,8,Yes,Yes,Fiber optic,Yes,Yes,No,No,Yes,Yes,Two year,No,Electronic check,95.4,763.2,yes
Female,1,Yes,Yes,60,Yes,Yes,Fiber optic,Yes,No,Yes,No,Yes,Yes,Two year,Yes,Credit card (automatic),102.5,6150.0,no
Female,0,Yes,Yes,36,Yes,No,Fiber optic,No,Yes,No,Yes,Yes,Yes,One year,Yes,Credit card (automatic),95.7,3345.6,no
Male,1,No,Yes,42,Yes,No,DSL,Yes,Yes,No,Yes,Yes,No,Two year,Yes,Electronic check,75.5,3157.5,no
Male,0,Yes,Yes,24,Yes,No,Fiber optic,Yes,Yes,No,Yes,Yes,Yes,One year,No,Credit card (automatic),95.75,2298.0,no
Male,1,No,No,12,Yes,No,Fiber optic,No,Yes,No,Yes,No,No,Month-to-month,Yes,Electronic check,95.75,1149.0,yes
Male,0,Yes,Yes,24,Yes,No,DSL,Yes,Yes,Yes,No,No,No,One year,No,Credit card (automatic),55.75,1345.5,no
Male,1,Yes,No,12,Yes,No,DSL,Yes,No,Yes,Yes,No,Yes,One year,No,Credit card (automatic),70.35,844.2,no
Female,1,Yes,Yes,45,Yes,No,DSL,Yes,Yes,Yes,No,Yes,No,Two year,No,Electronic check,75.5,3375.75,no
Female,0,No,Yes,24,Yes,No,Fiber optic,Yes,No,No,Yes,No,Yes,One year,No,Credit card (automatic),89.5,2148.0,no
Male,1,No,No,12,Yes,Yes,DSL,Yes,No,Yes,No,Yes,No,Month-to-month,Yes,Credit card (automatic),68.5,822.0,yes
Male,1,Yes,Yes,24,Yes,Yes,DSL,Yes,Yes,Yes,No,Yes,No,One year,Yes,Credit card (automatic),85.5,2040.0,no
Female,1,No,No,8,Yes,No,Fiber optic,Yes,Yes,No,No,No,Yes,Month-to-month,Yes,Bank transfer (automatic),95.7,765.6,yes
Female,0,Yes,Yes,22,Yes,Yes,DSL,No,Yes,Yes,Yes,Yes,No,One year,Yes,Credit card (automatic),85.65,1843.3,no
Female,1,No,No,12,Yes,No,Fiber optic,No,Yes,No,No,Yes,Yes,Month-to-month,Yes,Credit card (automatic),99.85,1198.2,yes
Female,0,Yes,Yes,24,Yes,Yes,DSL,No,Yes,Yes,Yes,Yes,No,One year,Yes,Credit card (automatic),85.5,2040.0,no
Male,1,No,No,8,Yes,No,Fiber optic,No,Yes,Yes,No,Yes,Yes,Month-to-month,Yes,Electronic check,95.45,763.6,yes
Female,1,Yes,Yes,24,Yes,No,DSL,No,No,No,Yes,No,Yes,Month-to-month,Yes,Credit card (automatic),75.85,1817.4,yes
Male,1,No,Yes,12,Yes,Yes,Fiber optic,Yes,Yes,No,Yes,Yes,No,One year,No,Bank transfer (automatic),89.95,1079.4,yes
Male,0,Yes,Yes,24,Yes,No,DSL,Yes,No,No,Yes,Yes,No,Two year,No,Credit card (automatic),76.35,1832.4,no
Female,1,No,Yes,24,Yes,No,Fiber optic,Yes,No,Yes,No,Yes,Yes,Month-to-month,Yes,Credit card (automatic),99.95,2398.8,yes
Female,1,Yes,Yes,48,No,No,DSL,Yes,Yes,No,No,No,Yes,Two year,Yes,Credit card (automatic),85.3,4080.4,no
Male,1,No,Yes,48,Yes,No,DSL,No,Yes,No,No,No,Yes,One year,No,Credit card (automatic),75.45,3621.6,no
Male,1,Yes,Yes,42,Yes,Yes,DSL,Yes,No,Yes,No,Yes,No,One year,Yes,Bank transfer (automatic),65.85,2761.7,no
Female,1,Yes,Yes,48,Yes,Yes,DSL,Yes,No,Yes,No,Yes,No,Two year,Yes,Credit card (automatic),79.9,3835.6,no
Male,1,Yes,Yes,45,Yes,No,DSL,Yes,No,Yes,Yes,No,No,One year,No,Bank transfer (automatic),69.5,3127.5,no
Female,1,Yes,Yes,60,Yes,No,DSL,Yes,Yes,No,No,Yes,Yes,Two year,Yes,Credit card (automatic),75.3,4518.6,no
Male,1,Yes,Yes,12,Yes,Yes,DSL,Yes,Yes,No,No,Yes,Yes,Month-to-month,No,Credit card (automatic),95.6,1120.5,no
Male,1,Yes,Yes,48,Yes,Yes,DSL,Yes,Yes,No,No,No,Yes,Two year,No,Bank transfer (automatic),75.5,3624.0,no
Female,1,No,No,5,Yes,No,Fiber optic,No,Yes,Yes,No,No,Yes,Month-to-month,Yes,Credit card (automatic),84.55,422.75,yes
Male,0,No,Yes,5,Yes,Yes,DSL,Yes,Yes,No,No,Yes,Yes,One year,No,Credit card (automatic),95.5,477.5,yes
Male,1,No,No,12,Yes,No,Fiber optic,No,No,Yes,No,Yes,Yes,One year,Yes,Credit card (automatic),95.5,1146.0,yes
Male,1,Yes,No,12,Yes,No,DSL,Yes,No,Yes,Yes,No,Yes,One year,No,Credit card (automatic),70.2,842.4,no
Female,1,No,No,24,Yes,Yes,Fiber optic,Yes,No,Yes,No,Yes,Yes,Two year,Yes,Credit card (automatic),85.75,2058.0,yes
Female,0,No,Yes,24,Yes,No,DSL,Yes,No,No,No,No,Yes,Month-to-month,Yes,Credit card (automatic),65.5,1572.0,no
Female,1,Yes,Yes,36,Yes,Yes,Fiber optic,Yes,Yes,Yes,Yes,No,No,Two year,No,Credit card (automatic),89.85,3234.6,no
Male,0,Yes,No,24,Yes,No,DSL,Yes,No,Yes,No,No,Yes,One year,No,Bank transfer (automatic),69.85,1676.4,no
Female,0,No,Yes,36,Yes,No,DSL,Yes,Yes,No,Yes,Yes,No,One year,No,Credit card (automatic),64.8,2332.8,no
Female,1,Yes,No,15,Yes,No,Fiber optic,No,No,Yes,No,Yes,Yes,One year,No,Credit card (automatic),89.15,1342.25,yes
Female,1,Yes,Yes,24,Yes,Yes,DSL,Yes,Yes,Yes,No,No,No,Two year,No,Mailed check,74.35,1784.4,no
Female,1,Yes,Yes,12,Yes,No,DSL,No,No,Yes,No,No,Yes,Month-to-month,No,Mailed check,65.7,788.4,yes
Female,1,No,Yes,12,No,No phone service,DSL,Yes,Yes,Yes,No,Yes,Yes,One year,No,Credit card (automatic),89.75,1077.0,no
Male,0,Yes,Yes,24,Yes,Yes,DSL,No,Yes,Yes,Yes,Yes,No,One year,Yes,Credit card (automatic),89.3,2143.2,no
Female,1,No,No,12,No,No phone service,DSL,No,Yes,No,Yes,No,Yes,One year,Yes,Bank transfer (automatic),65.75,789.0,yes
Female,0,Yes,Yes,18,Yes,Yes,Fiber optic,No,Yes,Yes,No,Yes,Yes,One year,No,Bank transfer (automatic),85.5,1539.0,no
Male,1,Yes,Yes,45,Yes,No,DSL,Yes,Yes,No,Yes,No,No,Two year,No,Bank transfer (automatic),75.3,3388.5,no
Male,1,Yes,Yes,35,Yes,No,DSL,No,Yes,Yes,Yes,Yes,Yes,One year,No,Credit card (automatic),89.45,3145.75,no
Female,0,No,No,24,Yes,Yes,DSL,Yes,Yes,No,Yes,Yes,No,One year,No,Credit card (automatic),85.75,2058.0,no
Male,0,Yes,Yes,48,Yes,Yes,DSL,No,Yes,No,No,Yes,Yes,Two year,No,Bank transfer (automatic),85.2,4089.6,no
Male,1,Yes,Yes,22,Yes,Yes,Fiber optic,No,Yes,No,No,No,Yes,Month-to-month,No,Credit card (automatic),95.65,2104.3,yes
Female,0,No,Yes,24,Yes,No,DSL,Yes,No,No,Yes,Yes,No,Two year,No,Credit card (automatic),65.5,1572.0,no
Male,1,No,No,24,Yes,Yes,Fiber optic,No,Yes,No,No,No,Yes,Month-to-month,Yes,Credit card (automatic),95.5,2292.0,yes
Female,1,No,No,24,Yes,Yes,Fiber optic,No,Yes,No,Yes,Yes,No,Month-to-month,Yes,Credit card (automatic),89.65,2151.6,yes
Female,1,Yes,No,58,Yes,Yes,Fiber optic,No,Yes,No,No,Yes,Yes,Two year,No,Credit card (automatic),99.99,5799.42,no
Male,0,Yes,Yes,24,Yes,No,DSL,No,Yes,Yes,Yes,Yes,No,One year,No,Bank transfer (automatic),65.4,1569.6,no
Female,1,Yes,Yes,12,Yes,Yes,DSL,Yes,No,Yes,No,Yes,No,One year,No,Credit card (automatic),89.1,1069.2,no
Male,1,Yes,No,45,Yes,Yes,Fiber optic,Yes,Yes,No,Yes,Yes,Yes,Two year,Yes,Credit card (automatic),99.75,4529.25,no
Male,1,No,Yes,5,Yes,Yes,Fiber optic,Yes,Yes,No,No,Yes,Yes,One year,Yes,Credit card (automatic),99.65,498.25,yes
Male,1,Yes,No,22,Yes,No,DSL,Yes,No,Yes,Yes,No,Yes,One year,No,Credit card (automatic),75.3,1656.6,no
Female,0,Yes,Yes,24,Yes,Yes,Fiber optic,Yes,Yes,Yes,No,Yes,Yes,Month-to-month,Yes,Credit card (automatic),95.75,2298.0,yes
Female,1,Yes,No,24,Yes,Yes,Fiber optic,Yes,Yes,Yes,Yes,Yes,Yes,One year,Yes,Credit card (automatic),99.99,2399.76,no
Male,1,Yes,No,24,Yes,No,DSL,Yes,Yes,No,Yes,No,Yes,One year,No,Credit card (automatic),65.75,1578.0,no
Male,1,Yes,Yes,58,Yes,Yes,Fiber optic,Yes,No,Yes,Yes,Yes,Yes,Two year,Yes,Bank transfer (automatic),99.25,5746.35,no
Female,1,Yes,No,12,Yes,Yes,Fiber optic,Yes,Yes,Yes,No,Yes,Yes,One year,Yes,Credit card (automatic),95.55,1146.6,no
Female,1,No,Yes,45,Yes,No,Fiber optic,Yes,No,No,No,Yes,No,One year,No,Credit card (automatic),95.6,4322.0,yes
Female,1,No,Yes,24,Yes,Yes,Fiber optic,No,Yes,Yes,No,Yes,Yes,Two year,Yes,Credit card (automatic),95.5,2292.0,no
Male,1,No,Yes,20,Yes,No,Fiber optic,Yes,No,Yes,Yes,Yes,Yes,Two year,No,Credit card (automatic),104.6,2092.0,no
Male,1,Yes,Yes,24,Yes,Yes,Fiber optic,No,Yes,No,Yes,Yes,Yes,One year,Yes,Credit card (automatic),95.7,2296.8,no
Female,1,No,No,12,Yes,No,Fiber optic,No,Yes,Yes,No,Yes,Yes,One year,Yes,Bank transfer (automatic),89.6,1075.2,yes
Female,1,Yes,Yes,24,Yes,Yes,DSL,Yes,No,No,No,No,Yes,Month-to-month,No,Credit card (automatic),75.5,1812.0,no
Female,0,Yes,No,24,Yes,Yes,Fiber optic,Yes,Yes,No,Yes,Yes,Yes,One year,Yes,Credit card (automatic),99.5,2388.0,no
Female,1,Yes,Yes,24,Yes,Yes,DSL,Yes,Yes,No,Yes,Yes,No,One year,No,Credit card (automatic),89.65,2151.6,no
Female,0,No,Yes,24,Yes,No,DSL,Yes,No,Yes,Yes,No,No,One year,Yes,Credit card (automatic),65.75,1578.0,no
Female,0,Yes,Yes,24,Yes,No,Fiber optic,Yes,Yes,No,Yes,No,No,One year,No,Credit card (automatic),94.2,2260.8,yes
Female,0,Yes,Yes,12,Yes,No,Fiber optic,Yes,Yes,Yes,No,Yes,Yes,One year,No,Bank transfer (automatic),89.5,1074.0,no
Female,1,Yes,No,54,Yes,No,Fiber optic,Yes,No,Yes,No,Yes,No,Month-to-month,Yes,Credit card (automatic),89.9,4826.6,yes
Female,1,No,Yes,22,Yes,Yes,DSL,No,No,No,No,No,No,Month-to-month,Yes,Electronic check,59.5,1309.0,yes
Male,1,Yes,Yes,24,Yes,No,DSL,Yes,No,Yes,No,Yes,No,One year,Yes,Electronic check,76.8,1894.4,yes
Female,1,Yes,Yes,45,Yes,No,DSL,No,Yes,Yes,No,Yes,Yes,Two year,Yes,Credit card (automatic),101.5,4567.5,no
Male,1,Yes,Yes,45,Yes,Yes,Fiber optic,Yes,No,Yes,No,Yes,Yes,Two year,Yes,Electronic check,95.75,4312.5,yes
Male,1,Yes,Yes,24,Yes,No,Fiber optic,Yes,No,Yes,No,Yes,Yes,Two year,No,Credit card (automatic),95.75,2298.0,no
Female,1,Yes,Yes,58,Yes,Yes,Fiber optic,Yes,No,Yes,No,Yes,Yes,Two year,Yes,Credit card (automatic),104.2,5983.6,no
Female,0,No,Yes,24,Yes,No,DSL,Yes,No,Yes,Yes,No,No,One year,Yes,Credit card (automatic),76.45,1834.8,no
Female,0,Yes,Yes,12,Yes,Yes,DSL,Yes,Yes,No,Yes,Yes,No,One year,No,Credit card (automatic),85.5,1026.0,no
Male,1,Yes,Yes,24,Yes,Yes,Fiber optic,No,Yes,No,No,No,Yes,Month-to-month,Yes,Credit card (automatic),95.5,2292.0,yes
Male,1,Yes,Yes,25,Yes,Yes,Fiber optic,Yes,Yes,No,No,Yes,Yes,One year,Yes,Credit card (automatic),98.75,2468.75,no
Female,1,No,Yes,5,Yes,No,DSL,Yes,Yes,No,Yes,Yes,No,One year,No,Credit card (automatic),85.5,427.5,no
Male,0,No,Yes,24,Yes,No,DSL,No,Yes,No,No,No,Yes,Month-to-month,Yes,Bank transfer (automatic),69.45,1666.8,yes
Female,0,No,Yes,15,Yes,Yes,DSL,Yes,Yes,No,No,Yes,No,One year,Yes,Credit card (automatic),85.5,1282.25,no
Female,1,Yes,No,12,Yes,No,Fiber optic,Yes,Yes,Yes,No,Yes,No,One year,No,Credit card (automatic),94.7,1136.4,no
Female,1,No,No,12,Yes,No,DSL,Yes,Yes,No,Yes,Yes,Yes,Month-to-month,Yes,Bank transfer (automatic),95.3,1143.6,yes
Female,1,Yes,Yes,24,Yes,No,DSL,Yes,Yes,No,Yes,No,Yes,One year,No,Credit card (automatic),79.8,1915.2,no
Male,1,Yes,Yes,50,Yes,Yes,Fiber optic,No,Yes,Yes,Yes,Yes,Yes,Two year,No,Credit card (automatic),104.2,5210.5,no
Female,1,Yes,Yes,24,Yes,Yes,Fiber optic,No,Yes,No,Yes,Yes,No,Two year,Yes,Credit card (automatic),89.65,2147.6,no
Female,1,Yes,Yes,58,Yes,No,DSL,No,Yes,Yes,No,Yes,Yes,Two year,Yes,Credit card (automatic),101.25,5872.5,no
Male,1,Yes,Yes,30,Yes,Yes,Fiber optic,No,No,Yes,No,Yes,Yes,Month-to-month,No,Bank transfer (automatic),95.75,2872.5,yes
Male,1,Yes,Yes,12,No,No,Fiber optic,Yes,No,Yes,Yes,Yes,Yes,Month-to-month,No,Bank transfer (automatic),99.9,1198.8,yes
Male,1,No,Yes,24,Yes,No,Fiber optic,No,Yes,No,No,Yes,Yes,Month-to-month,Yes,Electronic check,95.5,2292.0,yes
Male,1,No,Yes,45,Yes,Yes,DSL,Yes,No,Yes,No,No,Yes,One year,Yes,Credit card (automatic),75.5,3397.5,no
Male,1,Yes,Yes,15,Yes,Yes,DSL,Yes,No,Yes,No,No,Yes,One year,Yes,Credit card (automatic),85.25,1250.5,no
Female,1,No,No,20,Yes,Yes,DSL,Yes,No,Yes,No,Yes,Yes,Two year,Yes,Credit card (automatic),92.3,1846.0,no
Female,1,Yes,Yes,24,Yes,No,DSL,Yes,Yes,No,Yes,No,Yes,One year,No,Credit card (automatic),68.75,1650.0,no
Male,1,Yes,Yes,24,Yes,Yes,DSL,Yes,Yes,No,Yes,Yes,No,Two year,Yes,Credit card (automatic),89.45,2146.8,no
Male,0,No,Yes,36,Yes,No,DSL,No,Yes,No,Yes,No,Yes,One year,No,Credit card (automatic),75.65,2723.4,no
Female,0,Yes,Yes,12,Yes,Yes,Fiber optic,No,Yes,No,Yes,Yes,No,Month-to-month,Yes,Bank transfer (automatic),89.5,1074.0,yes
Male,1,Yes,Yes,24,Yes,Yes,Fiber optic,No,Yes,Yes,No,Yes,Yes,Two year,Yes,Credit card (automatic),89.1,2138.4,no
Female,1,No,No,12,Yes,Yes,DSL,Yes,No,Yes,No,Yes,Yes,One year,Yes,Credit card (automatic),85.75,1029.0,yes
Male,1,No,No,24,Yes,No,DSL,Yes,Yes,Yes,No,No,Yes,One year,No,Credit card (automatic),70.15,1683.6,no
Male,0,No,Yes,12,Yes,Yes,DSL,No,No,No,No,No,Yes,Month-to-month,Yes,Credit card (automatic),75.5,906.0,yes
Male,1,Yes,Yes,24,Yes,Yes,Fiber optic,No,Yes,No,No,No,Yes,Month-to-month,Yes,Credit card (automatic),95.6,2294.4,yes
Female,1,No,No,25,Yes,No,Fiber optic,No,Yes,No,Yes,No,Yes,Month-to-month,Yes,Electronic check,89.5,2237.5,yes
Male,1,No,No,5,No,No,DSL,Yes,Yes,Yes,No,Yes,No,Month-to-month,Yes,Credit card (automatic),65.35,326.75,yes
Male,1,Yes,Yes,24,Yes,Yes,DSL,Yes,Yes,Yes,Yes,Yes,Yes,Two year,No,Credit card (automatic),85.5,2052.0,no
Male,0,No,Yes,12,Yes,No,DSL,Yes,Yes,No,Yes,No,No,One year,Yes,Credit card (automatic),58.9,706.8,no
Female,1,Yes,Yes,30,Yes,Yes,Fiber optic,Yes,Yes,Yes,No,Yes,Yes,Month-to-month,Yes,Credit card (automatic),95.45,2863.5,yes
Male,1,No,No,5,Yes,Yes,DSL,No,Yes,Yes,No,Yes,No,One year,Yes,Credit card (automatic),89.5,447.5,yes
Male,1,No,No,24,Yes,Yes,DSL,Yes,Yes,No,Yes,Yes,No,One year,No,Bank transfer (automatic),85.75,2065.75,no
Male,1,No,No,15,Yes,Yes,DSL,Yes,Yes,No,Yes,No,No,Two year,No,Credit card (automatic),65.85,1023.75,no
Male,1,Yes,Yes,42,Yes,No,DSL,No,Yes,Yes,Yes,Yes,No,Two year,No,Credit card (automatic),65.5,2749.0,no
Male,1,Yes,Yes,15,Yes,Yes,Fiber optic,No,Yes,No,Yes,Yes,Yes,Month-to-month,Yes,Electronic check,99.75,1496.25,yes
Female,1,Yes,Yes,24,Yes,No,DSL,Yes,Yes,No,Yes,No,Yes,Two year,No,Credit card (automatic),75.5,1812.0,no
Female,1,No,Yes,52,Yes,Yes,Fiber optic,No,No,Yes,No,No,Yes,Month-to-month,No,Credit card (automatic),95.5,4856.5,yes
Female,1,Yes,Yes,24,Yes,Yes,Fiber optic,No,Yes,No,Yes,Yes,Yes,Two year,Yes,Credit card (automatic),104.8,2458.4,no
Female,1,No,Yes,12,Yes,Yes,DSL,Yes,Yes,No,No,Yes,Yes,One year,No,Electronic check,89.9,1078.8,no
Male,1,Yes,Yes,24,Yes,No,Fiber optic,Yes,Yes,No,No,Yes,No,Month-to-month,Yes,Electronic check,95.75,2298.0,yes
Male,1,Yes,No,24,Yes,No,DSL,No,Yes,Yes,Yes,Yes,No,One year,No,Credit card (automatic),65.95,1567.8,no
Female,1,No,No,12,Yes,No,Fiber optic,No,No,No,No,Yes,No,Month-to-month,Yes,Credit card (automatic),99.95,1199.4,yes
Male,1,No,No,5,Yes,Yes,DSL,Yes,Yes,Yes,No,Yes,No,One year,No,Mailed check,65.45,327.25,yes
Female,1,No,No,24,Yes,Yes,DSL,Yes,Yes,No,No,No,No,One year,Yes,Credit card (automatic),65.85,1580.4,no
Male,1,No,No,10,Yes,Yes,DSL,No,Yes,Yes,No,Yes,No,Month-to-month,Yes,Credit card (automatic),75.5,755.0,yes
Male,1,No,No,24,Yes,No,Fiber optic,No,Yes,No,No,Yes,No,Month-to-month,Yes,Credit card (automatic),99.75,2394.0,yes
Female,0,Yes,No,45,Yes,Yes,DSL,Yes,No,No,Yes,No,No,One year,No,Credit card (automatic),75.5,3375.0,no
Male,1,Yes,Yes,12,Yes,Yes,DSL,Yes,Yes,No,Yes,Yes,No,One year,Yes,Credit card (automatic),85.5,1026.0,no
Female,1,Yes,Yes,24,Yes,Yes,DSL,Yes,No,No,Yes,Yes,Yes,Month-to-month,Yes,Electronic check,89.5,2148.2,yes
Female,1,No,No,12,Yes,Yes,DSL,Yes,Yes,Yes,No,Yes,No,One year,Yes,Credit card (automatic),89.75,1077.0,no
Female,1,Yes,Yes,24,Yes,Yes,DSL,Yes,No,Yes,No,Yes,No,One year,Yes,Bank transfer (automatic),75.5,1812.0,no
Male,1,Yes,Yes,24,Yes,No,DSL,Yes,No,No,Yes,No,No,One year,No,Credit card (automatic),85.2,2044.8,no
Male,1,Yes,Yes,24,Yes,No,DSL,Yes,Yes,No,Yes,No,No,Two year,No,Credit card (automatic),71.25,1710.0,no
Male,1,Yes,No,24,Yes,Yes,Fiber optic,Yes,No,No,No,Yes,Yes,Month-to-month,Yes,Credit card (automatic),89.99,2159.76,yes
Male,1,Yes,Yes,24,Yes,Yes,Fiber optic,Yes,Yes,No,No,Yes,Yes,One year,Yes,Credit card (automatic),89.95,2158.8,yes
Male,1,Yes,Yes,45,Yes,Yes,Fiber optic,Yes,Yes,No,Yes,Yes,Yes,Two year,Yes,Credit card (automatic),99.85,4493.25,no
Male,1,Yes,Yes,24,Yes,Yes,DSL,Yes,Yes,No,Yes,Yes,No,One year,No,Bank transfer (automatic),75.45,1810.8,no
Female,1,No,No,24,Yes,Yes,Fiber optic,Yes,Yes,No,No,Yes,Yes,Month-to-month,Yes,Credit card (automatic),89.95,2158.8,yes
Male,1,No,Yes,24,Yes,No,DSL,Yes,No,No,Yes,No,Yes,One year,Yes,Bank transfer (automatic),65.1,1562.4,no
Female,1,Yes,Yes,12,Yes,No,DSL,Yes,No,Yes,No,No,Yes,One year,No,Credit card (automatic),70.85,850.2,yes
Male,1,Yes,Yes,22,Yes,Yes,DSL,Yes,Yes,Yes,Yes,Yes,No,One year,No,Credit card (automatic),65.5,1438.5,no
Female,1,Yes,Yes,36,Yes,Yes,Fiber optic,No,Yes,Yes,No,Yes,Yes,Two year,No,Credit card (automatic),89.9,3236.4,no
Male,1,Yes,Yes,12,Yes,Yes,DSL,Yes,No,Yes,No,No,Yes,Month-to-month,Yes,Credit card (automatic),75.3,903.6,yes
Male,0,No,Yes,24,Yes,Yes,DSL,No,Yes,Yes,Yes,Yes,No,One year,No,Credit card (automatic),72.3,1735.2,yes
Female,1,No,No,12,Yes,No,Fiber optic,No,No,Yes,No,Yes,Yes,Month-to-month,Yes,Electronic check,95.5,1146.0,yes
Female,1,Yes,No,15,Yes,Yes,DSL,Yes,No,Yes,No,Yes,No,One year,Yes,Credit card (automatic),85.5,1282.75,no
Male,1,Yes,Yes,24,Yes,Yes,Fiber optic,No,Yes,Yes,Yes,No,No,Two year,No,Credit card (automatic),99.35,2384.4,No
Female,1,Yes,Yes,12,Yes,Yes,DSL,No,Yes,No,No,No,Yes,Month-to-month,Yes,Bank transfer (automatic),75.3,892.9,yes
Female,1,Yes,Yes,21,Yes,No,DSL,Yes,Yes,No,Yes,No,Yes,One year,No,Credit card (automatic),68.35,1435.88,no
Male,1,No,No,12,Yes,No,DSL,Yes,No,Yes,Yes,No,Yes,Month-to-month,Yes,Credit card (automatic),75.5,906.0,yes
Female,0,Yes,Yes,24,Yes,Yes,Fiber optic,Yes,Yes,No,Yes,Yes,Yes,Month-to-month,Yes,Bank transfer (automatic),95.5,2292.0,yes
Female,1,Yes,Yes,24,Yes,Yes,Fiber optic,Yes,Yes,Yes,No,Yes,Yes,Month-to-month,Yes,Credit card (automatic),95.75,2298.0,yes
Male,1,No,No,24,Yes,Yes,DSL,Yes,No,Yes,No,No,Yes,Month-to-month,Yes,Credit card (automatic),75.6,1814.4,yes
Male,1,Yes,No,24,Yes,Yes,Fiber optic,No,No,Yes,No,Yes,Yes,One year,No,Credit card (automatic),95.5,2292.0,no
Female,1,No,No,21,Yes,Yes,Fiber optic,No,Yes,No,No,Yes,Yes,Two year,No,Bank transfer (automatic),89.65,1872.15,no
Male,1,No,No,12,Yes,Yes,Fiber optic,No,No,Yes,No,Yes,No,Month-to-month,Yes,Electronic check,89.95,1079.4,yes
Female,1,Yes,No,10,No,No phone service,Fiber optic,No,Yes,No,Yes,No,Yes,Month-to-month,No,Credit card (automatic),95.7,957.0,yes
Female,0,Yes,Yes,45,Yes,Yes,DSL,Yes,No,Yes,No,Yes,No,One year,Yes,Bank transfer (automatic),75.8,3411.5,no
Male,1,Yes,No,12,Yes,Yes,DSL,Yes,No,No,No,Yes,No,One year,Yes,Credit card (automatic),65.5,786.0,no
Male,1,Yes,No,48,Yes,Yes,Fiber optic,Yes,Yes,Yes,No,Yes,Yes,Two year,Yes,Credit card (automatic),98.7,4785.6,no
Male,1,Yes,No,15,Yes,No,Fiber optic,No,No,No,No,Yes,Yes,Month-to-month,Yes,Credit card (automatic),89.5,1342.45,yes
Male,1,Yes,No,36,Yes,Yes,Fiber optic,Yes,Yes,No,Yes,Yes,Yes,Two year,Yes,Credit card (automatic),89.9,3223.5,no
Female,1,No,No,24,Yes,No,DSL,Yes,Yes,No,Yes,Yes,Yes,One year,No,Bank transfer (automatic),85.3,2047.2,yes
Male,1,No,Yes,24,Yes,No,Fiber optic,No,Yes,Yes,No,Yes,Yes,Month-to-month,Yes,Credit card (automatic),95.45,2269.8,yes
Female,1,No,No,12,Yes,No,Fiber optic,No,Yes,Yes,Yes,No,No,Month-to-month,Yes,Bank transfer (automatic),85.5,1026.0,yes
